artikelnummer	de	en	fr
AQ041P20	Winkel 45° I/A d20 mm	Elbow 45° m/f d20 mm	Coude 45° (femelle/mâle) d20 mm
AQ041P25	Winkel 45° I/A d25 mm	Elbow 45° m/f d25 mm	Coude 45° (femelle/mâle) d25 mm
AQ045P110	Winkel 45° d110 mm	Elbow 45° d110 mm	Coude 45° d110 mm
AQ045P125	Winkel 45° d125 mm	Elbow 45° d125 mm	Coude 45° d20 mm d125 mm
AQ045P160	Winkel 45° (SDR 11) d160 mm	Elbow 45° d160 mm (SDR 11)	Coude 45° d160 mm (SDR 11)
AQ045P20	Winkel 45° d20 mm	Elbow 45° d20 mm	Coude 45° d20 mm
AQ045P200	Winkel 45° (SDR 11) d200 mm	Elbow 45° d200 mm (SDR 11)	Coude 45° d200 mm (SDR 11)
AQ045P25	Winkel 45° d25 mm	Elbow 45° d25 mm	Coude 45° d25 mm
AQ045P250	Winkel 45° (SDR 11) d250 mm	Elbow 45° d250 mm (SDR 11)	Coude 45° d250 mm (SDR 11)
AQ045P315	Winkel 45° (SDR 11) d315 mm	Elbow 45° d315 mm (SDR 11)	Coude 45° d315 mm (SDR 11)
AQ045P32	Winkel 45° d32 mm	Elbow 45° d32 mm	Coude 45° d32 mm
AQ045P40	Winkel 45° d40 mm	Elbow 45° d40 mm	Coude 45° d40 mm
AQ045P50	Winkel 45° d50 mm	Elbow 45° d50 mm	Coude 45° d50 mm
AQ045P63	Winkel 45° d63 mm	Elbow 45° d63 mm	Coude 45° d63 mm
AQ045P75	Winkel 45° d75 mm	Elbow 45° d75 mm	Coude 45° d75 mm
AQ045P90	Winkel 45° d90 mm	Elbow 45° d90 mm	Coude 45° d90 mm
AQ0906GP321	Winkel 90° IG d32-1" Hexa 6-Kant	Elbow 90° "f" d32-1" Hexa	Coude 90° (filetage femelle Hexa) d32-1"
AQ090GP2012	Winkel 90° IG d20-1/2"	Elbow 90° "f" d20-1/2"	Coude 90° (filetage femelle) d20-1/2"
AQ090GP2512	Winkel 90° IG d25-1/2"	Elbow 90° "f" d25-1/2"	Coude 90° (filetage femelle) d25-1/2"
AQ090GP2534	Winkel 90° IG d25-3/4"	Elbow 90° "f" d25-3/4"	Coude 90° (filetage femelle) d25-3/4"
AQ090GP321	Winkel 90° IG d32-1"	Elbow 90° "f" d32-1" mm	Coude 90° (filetage femelle) d32-1" mm
AQ090GP3234	Winkel 90° IG d32-3/4"	Elbow 90° "f" d32-3/4"	Coude 90° (filetage femelle) d32-3/4"
AQ090LP25	Bogen 90° d25 mm	Elbow 90° d25 mm	Coude 90° d25 mm
AQ090LP32	Bogen 90° d32 mm	Elbow 90° d32 mm	Coude 90° d32 mm
AQ090P110	Winkel 90° d110 mm	Elbow 90° d110 mm	Coude 90° d110 mm
AQ090P125	Winkel 90° d125 mm	Elbow 90° d125 mm	Coude 90° d125 mm
AQ090P160	Winkel 90° (SDR 11) d160 mm	Elbow 90° d160 mm (SDR 11)	Coude 90° d160 mm (SDR 11)
AQ090P20	Winkel 90° d20 mm	Elbow 90° d20 mm	Coude 90° d20 mm
AQ090P200	Winkel 90° (SDR 11) d200 mm	Elbow 90° d200 mm (SDR 11)	Coude 90° d200 mm (SDR 11)
AQ090P25	Winkel 90° d25 mm	Elbow 90° d25 mm	Coude 90° d25 mm
AQ090P250	Winkel 90° (SDR 11) d250 mm	Elbow 90° d250 mm (SDR 11)	Coude 90° d250 mm (SDR 11)
AQ090P315	Winkel 90° (SDR 11) d315 mm	Elbow 90° d315 mm (SDR 11)	Coude 90° d315 mm (SDR 11)
AQ090P32	Winkel 90° d32 mm	Elbow 90° d32 mm	Coude 90° d32 mm
AQ090P40	Winkel 90° d40 mm	Elbow 90° d40 mm	Coude 90° d40 mm
AQ090P50	Winkel 90° d50 mm	Elbow 90° d50 mm	Coude 90° d50 mm
AQ090P63	Winkel 90° d63 mm	Elbow 90° d63 mm	Coude 90° d63 mm
AQ090P75	Winkel 90° d75 mm	Elbow 90° d75 mm	Coude 90° d75 mm
AQ090P90	Winkel 90° d90 mm	Elbow 90° d90 mm	Coude 90° d90 mm
AQ091GP2012	Winkel 90° I/A IG d20-1/2" 	Elbow 90° "f" d20-1/2"	Coude 90° (filetage femelle) d20-1/2"
AQ091P20	Winkel 90° I/A d20 mm	Elbow 90° m/f d20 mm	Coude 90° (femelle/mâle) d20 mm
AQ091P25	Winkel 90° I/A d25 mm	Elbow 90° m/f d25mm	Coude 90° (femelle/mâle) d25mm
AQ091P32	Winkel 90° I/A d32 mm	Elbow 90° m/f d32 mm	Coude 90° (femelle/mâle) d32 mm
AQ0926GP321	Winkel 90° AG d32-1" Hexa 6-Kant	Elbow 90° "m" d32-1" Hexa	Coude 90° (filetage mâle Hexa) 90° (filetage mâle) d32-1"
AQ092GP2012	Winkel 90° AG d20-1/2"	Elbow 90° "m" d20-1/2	Coude 90° (filetage mâle) d20-1/2"
AQ092GP2512	Winkel 90° AG d25-1/2"	Elbow 90° "m" d25-1/2"	Coude 90° (filetage mâle) (filetage mâle) d25-1/2"
AQ092GP2534	Winkel 90° AG d25-3/4"	Elbow 90° "m" d25-3/4"	Coude 90° (filetage mâle) d25-3/4"
AQ092GP321	Winkel 90° AG d32-1"	Elbow 90° "m" d32-1"	Coude 90° (filetage mâle) d32-1"
AQ092GP3234	Winkel 90° AG d32-3/4"	Elbow 90° "m" d32-3"	Coude 90° (filetage mâle) d32-3"
AQ1306GP321	T-Stück 90° IG d32-1 Hexa 6-Kant	Tee 90° "f" d32-1" Hexa	Té 90° (filetage femelle Hexa) 90° d32-1"
AQ130GP2012	T-Stück 90° IG d20-1/2"	Tee 90° "f" d20-1/2	Té 90° (filetage femelle) d20-1/2"
AQ130GP2512	T-Stück 90° IG d25-1/2"	Tee 90° "f" d25-1/2"	Té 90° (filetage femelle) d25-1/2"
AQ130GP2534	T-Stück 90° IG d25-3/4"	Tee 90° "f" d25-3/4	Té 90° (filetage femelle) d25-3/4"
AQ130GP321	T-Stück 90° IG d32-1"	Tee 90° "f" d32-1"	Té 90° (filetage femelle) d32-1"
AQ130GP3212	T-Stück 90° IG d32-1/2"	Tee "f" d32-1"	Té (filetage femelle) d32-1"
AQ130GP3234	T-Stück 90° IG d32-3/4"	Tee "f" d32-3"	Té 90° (filetage femelle) d32-3/4"
AQ130P110	T-Stück d110 mm	Tee d110 mm	Té d110 mm
AQ130P11063	T-Stück red. d110-63 mm	Reducing tee d110-63 mm	Té réduit d110-63 mm
AQ130P11075	T-Stück red. d110-75 mm	Reducing tee d110-75 mm	Té réduit d110-75 mm
AQ130P11090	T-Stück red. d110-90 mm	Reducing tee d110-90 mm	Té réduit d110-90 mm
AQ130P125	T-Stück d125 mm	Tee d125 mm	Té d125 mm
AQ130P125110	T-Stück red. d125-110 mm	Reducing tee d125-110 mm	Té réduit d125-110 mm
AQ130P12590	T-Stück red. d125-90 mm	Reducing tee d125-90 mm (SDR 11)	Té réduit d125-90 mm (SDR 11)
AQ130P160	T-Stück (SDR 11) d160 mm	Tee d160 mm (SDR 11)	Té d160 mm (SDR 11)
AQ130P160110	T-Stück red. (SDR 11) d160-110 mm	Reducing tee d160-110 mm (SDR 11)	Té réduit d160-110 mm (SDR 11)
AQ130P160125	T-Stück red. (SDR 11) d160-125 mm	Reducing tee d160-125 mm (SDR 11)	Té réduit d160-125 mm (SDR 11)
AQ130P16090	T-Stück red. (SDR 11) d160-90 mm	Reducing tee d160-90 mm (SDR 11)	Té réduit d160-90 mm (SDR 11)
AQ130P20	T-Stück d20 mm	Tee d20 mm	Té d20 mm
AQ130P200	T-Stück (SDR 11) d200 mm	Tee d200 mm (SDR 11)	Té d200 mm (SDR 11)
AQ130P200110	T-Stück red. (SDR 11) d200-110 mm	Reducing tee d200-110 mm (SDR 11)	Té réduit d200-110 mm (SDR 11)
AQ130P200160	T-Stück red. (SDR 11) d200-160 mm	Reducing tee d200-160 mm (SDR 11)	Té réduit d200-160 mm (SDR 11)
AQ130P20090	T-Stück red. (SDR 11) d200-90 mm	Reducing tee d200-90 mm (SDR 11)	Té réduit d200-90 mm (SDR 11)
AQ130P25	T-Stück d25 mm	Tee d25 mm	Té d25 mm
AQ130P250	T-Stück (SDR 11) d250 mm	Tee d250 mm (SDR 11)	Té d250 mm (SDR 11)
AQ130P250110	T-Stück red. (SDR 11) d250-110 mm	Reducing tee d250-110 mm (SDR 11)	Té réduit d250-110 mm (SDR 11)
AQ130P250160	T-Stück red. (SDR 11) d250-160 mm	Reducing tee d250-160 mm (SDR 11)	Té réduit d250-160 mm (SDR 11)
AQ130P2520	T-Stück red. d25-20 mm	Reducing tee d25-20 mm	Té réduit d25-20 mm
AQ130P315	T-Stück (SDR 11) d315 mm	Tee d315 mm (SDR 11)	Té d315 mm (SDR 11)
AQ130P315110	T-Stück red. (SDR 11) d315-110 mm	Reducing tee d315-110 mm (SDR 11)	Té réduit d315-110 mm (SDR 11)
AQ130P315160	T-Stück red. (SDR 11) d315-160 mm	Reducing tee d315-160 mm (SDR 11)	Té réduit d315-160 mm (SDR 11)
AQ130P315250	T-Stück red. (SDR 11) d315-250 mm	Reducing tee d315-250 mm (SDR 11)	Té réduit d315-250 mm (SDR 11)
AQ130P32	T-Stück d32 mm	Tee d32 mm	Té d32 mm
AQ130P3220	T-Stück red. d32-20 mm	Reducing tee d32-20 mm	Té réduit d32-20 mm
AQ130P3225	T-Stück red. d32-25 mm	Reducing tee d32-25 mm	Té réduit d32-25 mm
AQ130P40	T-Stück d40 mm	Tee d40 mm	Té d40 mm
AQ130P4020	T-Stück red. d40-20 mm	Reducing tee d40-20 mm	Té réduit d40-20 mm
AQ130P4025	T-Stück red. d40-25 mm	Reducing tee d40-25 mm	Té réduit d40-25 mm
AQ130P4032	T-Stück red. d40-32 mm	Reducing tee d40-32 mm	Té réduit d40-32 mm
AQ130P50	T-Stück d50 mm	Tee d50 mm	Té d50 mm
AQ130P5020	T-Stück red. d50-20 mm	Reducing tee d50-20 mm	Té réduit d50-20 mm
AQ130P5025	T-Stück red. d50-25 mm	Reducing tee d50-25 mm	Té réduit d50-25 mm
AQ130P5032	T-Stück red. d50-32 mm	Reducing tee d50-32 mm	Té réduit d50-32 mm
AQ130P5040	T-Stück red. d50-40 mm	Reducing tee d50-40 mm	Té réduit d50-40 mm
AQ130P63	T-Stück d63 mm	Tee d63 mm	Té d63 mm
AQ130P6320	T-Stück red. d63-20 mm	Reducing tee d63-20 mm	Té réduit d63-20 mm
AQ130P6325	T-Stück red. d63-25 mm	Reducing tee d63-25 mm	Té réduit d63-25 mm
AQ130P6332	T-Stück red. d63-32 mm	Reducing tee d63-32 mm	Té réduit d63-32 mm
AQ130P6340	T-Stück red. d63-40 mm	Reducing tee d63-40 mm	Té réduit d63-40 mm
AQ130P6350	T-Stück red. d63-50 mm	Reducing tee d63-50 mm	Té réduit d63-50 mm
AQ130P75	T-Stück d75 mm	Tee d75 mm	Té d75 mm
AQ130P7520	T-Stück red. d75-20 mm	Reducing tee d75-20 mm	Té réduit d75-20 mm
AQ130P7525	T-Stück red. d75-25 mm	Reducing tee d75-25 mm	Té réduit d75-25 mm
AQ130P7532	T-Stück red. d75-32 mm	Reducing tee d75-32 mm	Té réduit d75-32 mm
AQ130P7540	T-Stück red. d75-40 mm	Reducing tee d75-40 mm	Té réduit d75-40 mm
AQ130P7550	T-Stück red. d75-50 mm	Reducing tee d75-50 mm	Té réduit d75-50 mm
AQ130P7563	T-Stück red. d75-63 mm	Reducing tee d75-63 mm	Té réduit d75-63 mm
AQ130P90	T-Stück d90 mm	Tee d90 mm	Té d90 mm
AQ130P9063	T-Stück red. d90-63 mm	Reducing tee d90-63 mm	Té réduit d90-63 mm
AQ130P9075	T-Stück red. d90-75 mm	Reducing tee d90-75 mm	Té réduit d90-75 mm
AQ130SP16025025	Einschweißsattel d160-250 -25 mm	Welding Saddle d160-250 -25 mm	Selle de soudage de soudage d160-250 -25 mm
AQ130SP16025032	Einschweißsattel d160-250 -32 mm	Welding Saddle d160-250-32 mm 	Selle de soudage de soudage d160-250 -32 mm
AQ130SP16025040	Einschweißsattel d160-250 -40 mm	Welding Saddle d160-250 -40 mm 	Selle de soudage de soudage d160-250 -40 mm 
AQ130SP16025050	Einschweißsattel d160-250 -50 mm	Welding Saddle d160-250 -50mm 	Selle de soudage de soudage d160-250 -50 mm 
AQ130SP16025063	Einschweißsattel d160-250 -63 mm	Welding Saddle d160-250 -63 mm	Selle de soudage de soudage d160-250 -63 mm 
AQ130SP406320	Einschweißsattel d40-63 -20 mm	Welding Saddle d40-63 -20 mm 	Selle de soudage de soudage d40-63 -20 mm 
AQ130SP406325	Einschweißsattel d40-63 -25 mm	Welding Saddle d40-63 -25 mm	Selle de soudage de soudage d40-63 -25 mm
AQ130SP406332	Einschweißsattel d40-63 -32 mm	Welding Saddle d40-63 -32 mm	Selle de soudage de soudage d40-63 -32 mm
AQ130SP5025	Einschweißsattel d50 -25 mm	Weld-in saddle d50-25 mm	Collier de soudage d50-25 mm
AQ130SP6320	Einschweißsattel d63 -20 mm	Weld-in saddle d63-20 mm	Collier de soudage d63-20 mm
AQ130SP6325	Einschweißsattel d63 -25 mm	Weld-in saddle d63-25 mm	Collier de soudage d63-25 mm
AQ130SP7512525	Einschweißsattel d75-125 -25 mm	Welding Saddle d75-125 -25 mm	Selle de soudage de soudage d75-125 -25 mm
AQ130SP7512532	Einschweißsattel d75-125 -32 mm	Welding Saddle d75-125 -32 mm 	Selle de soudage de soudage d75-125 -32 mm
AQ130SP7512540	Einschweißsattel d75-125 -40 mm	Welding Saddle d75-125 -40 mm	Selle de soudage de soudage d75-125 -40 mm
AQ130SP7525	Einschweißsattel d75 -25 mm	Welding Saddle d75-25 mm	Selle de soudage de soudage d75-25 mm
AQ133GP2012	T-Stück 90° AG d20-1/2"	Tee 90° "m" d20-1/2	Té 90° (filetage mâle) d20-1/2"
AQ133GP2034	T-Stück 90° AG d20-3/4"	Tee 90° "m" d20-3/4"	Té 90° (filetage mâle) d20-3/4"
AQ133GP2512	T-Stück 90° AG d25-1/2"	Tee 90° "m" d25-1/2"	Té 90° (filetage mâle) d25-1/2"
AQ133GP2534	T-Stück 90° AG d25-3/4"	Tee 90° "m" d25-3/4"	Té 90° (filetage mâle) d25-3/4"
AQ180P25	Kreuz d25 mm	Cross d25 mm	Croix d25 mm
AQ180P32	Kreuz d32 mm	Cross d32 mm	Croix d32 mm
AQ2436GP321	Übergangs-Gewinde-Muffe AG d32-1" Hexa 6-Kant	Adaptor socket "m" d32-1" Hexa	Manchon adaptateur (filetage mâle Hexa) d32-1"
AQ2436GP401	Übergangs-Gewinde-Muffe AG d40-1" Hexa 6-Kant	Adaptor socket "m" d40-1" Hexa	Manchon adaptateur (filetage mâle Hexa) d40-1"
AQ2436GP40114	Übergangs-Gewinde-Muffe AG d40-1 1/4" Hexa 6-Kant	Adaptor socket "m" d40-1 1/4" Hexa	Manchon adaptateur (filetage mâle Hexa) d40-1 1/4"
AQ2436GP50112	Übergangs-Gewinde-Muffe AG d50-1 1/2" Hexa 6-Kant	Adaptor socket "m" d50-1 1/2" Hexa	Manchon adaptateur (filetage mâle Hexa) d50-1 1/2"
AQ2436GP632	Übergangs-Gewinde-Muffe AG d63-2" Hexa 6-Kant	Adaptor socket "m" d63-2 Hexa	Manchon adaptateur (filetage mâle Hexa) d63-2"
AQ2436GP75212	Übergangs-Gewinde-Muffe AG d75-2 1/2" Hexa 6-Kant	Adaptor socket "m" d75-2 1/2 Hexa	Manchon adaptateur (filetage mâle Hexa) d75-2 1/2"
AQ243GP1104	Übergangs-Gewinde-Muffe AG d110-4"	Adaptor socket "m" d110-4"	Manchon adaptateur (filetage mâle) d110-4"
AQ243GP2012	Übergangs-Gewinde-Muffe AG d20-1/2"	Adaptor socket "m" d20-1/2"	Manchon adaptateur (filetage mâle) d20-1/2"
AQ243GP2034	Übergangs-Gewinde-Muffe AG d20-3/4"	Adaptor socket "m" d20-3/4"	Manchon adaptateur (filetage mâle) d20-3/4"
AQ243GP2512	Übergangs-Gewinde-Muffe AG d25-1/2"	Adaptor socket "m" d25-1/2"	Manchon adaptateur (filetage mâle) d25-1/2"
AQ243GP2534	Übergangs-Gewinde-Muffe AG d25-3/4"	Adaptor socket "m" d25-3/4"	Manchon adaptateur (filetage mâle) d25-3/4"
AQ243GP321	Übergangs-Gewinde-Muffe AG d32-1"	Adaptor socket "m" d32-1"	Manchon adaptateur (filetage mâle) d32-1"
AQ243GP3234	Übergangs-Gewinde-Muffe AG d32-3/4"	Adaptor socket "m" d32-3/4"	Manchon adaptateur (filetage mâle) d32-3/4"
AQ243GP401	Übergangs-Gewinde-Muffe AG d40-1"	Adaptor socket "m" d40-1"	Manchon adaptateur (filetage mâle) d40-1"
AQ243GP40114	Übergangs-Gewinde-Muffe AG d40-1 1/4"	Adaptor socket "m" d40-1 1/4"	Manchon adaptateur (filetage mâle) d40-1 1/4"
AQ243GP50112	Übergangs-Gewinde-Muffe AG d50-1 1/2"	Adaptor socket "m" d50-1 1/2"	Manchon adaptateur (filetage mâle) d50-1 1/2"
AQ243GP632	Übergangs-Gewinde-Muffe AG d63-2"  	Adaptor socket "m" d63-2" 	Manchon adaptateur (filetage mâle) d63-2"
AQ243GP75212	Übergangs-Gewinde-Muffe AG d75-2 1/2"  	Adaptor socket "m" d75-2 1/2"	Manchon adaptateur (filetage mâle) d75-2 1/2"
AQ243GP903	Übergangs-Gewinde-Muffe AG d90-3"	Adaptor socket "m" d90-3"	Manchon adaptateur (filetage mâle) d90-3"
AQ243P11063	Reduktion d110-63 mm	Reducing bush d110-63 mm	Réduction d110-63 mm
AQ243P11075	Reduktion d110-7 mm	Reducing bush d110-75 mm	Réduction d110-75 mm
AQ243P11090	Reduktion d110-90 mm	Reducing bush d110-90 mm	Réduction d110-90 mm
AQ243P125110	Reduktion d125-110 mm	Reducing bush d125-110 mm	Réduction d125-110 mm
AQ243P160110	Reduktion (SDR 11) d160-110 mm	Reducing bush d160-110 mm (SDR 11)	Réduction d160-110 mm (SDR 11)
AQ243P160125	Reduktion (SDR 11) d160-125 mm	Reducing bush d160-125 mm (SDR 11)	Réduction d160-125 mm (SDR 11)
AQ243P16090	Reduktion (SDR 11) d160-90 mm	Reducing bush d160-90 mm (SDR 11)	Réduction d160-90 mm (SDR 11)
AQ2431GP2512	Übergangs-Gewinde-Muffe AG d25-1/2" I/A	Adaptor socket "m" d25-1/2" m/f	Manchon adaptateur m/f (filetage mâle) d25-1/2"
AQ243P200160	Reduktion (SDR 11) d200-160 mm	Reducing bush d200-160 mm (SDR 11)	Réduction d200-160 mm (SDR 11)
AQ243P250160	Reduktion (SDR 11) d250-160 mm	Reducing bush d250-160 mm (SDR 11)	Réduction d250-160 mm (SDR 11)
AQ243P250200	Reduktion (SDR 11) d250-200 mm	Reducing bush d250-200 mm (SDR 11)	Réduction d250-200 mm (SDR 11)
AQ243P2520	Reduktion d25-20 mm	Reducing bush d25-20 mm	Réduction d25-20 mm
AQ243P315250	Reduktion (SDR 11) d315-250 mm	Reducing bush d315-250 mm (SDR 11)	Réduction d315-250 mm (SDR 11)
AQ243P3220	Reduktion d32-20 mm	Reducing bush d32-20 mm	Réduction d32-20 mm
AQ243P3225	Reduktion d32-20 mm	Reducing bush d32-25 mm	Réduction d32-25 mm
AQ243P4020	Reduktion d40-20 mm	Reducing bush d40-20 mm	Réduction d40-20 mm
AQ243P4025	Reduktion d40-25 mm	Reducing bush d40-25 mm	Réduction d40-25 mm
AQ243P4032	Reduktion d40-32 mm	Reducing bush d40-32 mm	Réduction d40-32 mm
AQ243P5020	Reduktion d50-20 mm	Reducing bush d50-20 mm	Réduction d50-20 mm
AQ243P5025	Reduktion d50-25 mm	Reducing bush d50-25 mm	Réduction d50-25 mm
AQ243P5032	Reduktion d50-32 mm	Reducing bush d50-32 mm	Réduction d50-32 mm
AQ243P5040	Reduktion d50-40 mm	Reducing bush d50-40 mm	Réduction d50-40 mm
AQ243P6320	Reduktion d63-20 mm	Reducing bush d63-20 mm	Réduction d63-20 mm
AQ243P6325	Reduktion d63-25 mm	Reducing bush d63-25 mm	Réduction d63-25 mm
AQ243P6332	Reduktion d63-32 mm	Reducing bush d63-32 mm	Réduction d63-32 mm
AQ243P6340	Reduktion d63-40 mm	Reducing bush d63-40 mm	Réduction d63-40 mm
AQ243P6350	Reduktion d63-50 mm	Reducing bush d63-50 mm	Réduction d63-50 mm
AQ243P7532	Reduktion d75-32 mm	Reducing bush d75-32 mm	Réduction d75-32 mm
AQ243P7540	Reduktion d75-40 mm	Reducing bush d75-40 mm	Réduction d75-40 mm
AQ243P7550	Reduktion d75-50 mm	Reducing bush d75-50 mm	Réduction d75-50 mm
AQ243P7563	Reduktion d75-63 mm	Reducing bush d75-63 mm	Réduction d75-63 mm
AQ243P9050	Reduktion d90-50 mm	Reducing bush d90-50 mm	Réduction d90-50 mm
AQ243P9063	Reduktion d90-63 mm	Reducing bush d90-63 mm	Réduction d90-63 mm
AQ243P9075	Reduktion d90-75 mm	Reducing bush d90-75 mm	Réduction d90-75 mm
AQ243SP406312	Einschweißsattel AG d40-63 1/2"	Weld-in saddle "m" d40-63 1/2"	Collier de soudage (filetage mâle) d40-63 1/2"
AQ243SP406334	Einschweißsattel AG d40-63 3/4"	Weld-in saddle "m" d40-63 3/4"	Collier de soudage (filetage mâle) d40-63 3/4"
AQ243SP7512512	Einschweißsattel AG d75-125 1/2"	Weld-in saddle "m" d75-125 1/2"	Collier de soudage (filetage mâle) d75-125 1/2"
AQ243SP7512534	Einschweißsattel AG d75-125 3/4"	Weld-in saddle "m" d75-125 3/4"	Collier de soudage (filetage mâle) d75-125 3/4"
AQ2706GP321	Übergangs-Gewinde-Muffe IG d32-1" Hexa 6-Kant	Adaptor socket "f" d32-1" Hexa	Manchon adaptateur (filetage femelle Hexa) d32-1"
AQ2706GP401	Übergangs-Gewinde-Muffe IG d40-1" Hexa 6-Kant	Adaptor socket "f" d40-1" Hexa	Manchon adaptateur (filetage femelle Hexa) d40-1"
AQ2706GP40114	Übergangs-Gewinde-Muffe IG d40-1 1/4" Hexa 6-Kant	Adaptor socket "f" d40-1 1/4" Hexa	Manchon adaptateur (filetage femelle Hexa) d40-1 1/4"
AQ2706GP50112	Übergangs-Gewinde-Muffe IG d50-1 1/2" Hexa 6-Kant	Adaptor socket "f" d50-1 1/2" Hexa	Manchon adaptateur (filetage femelle Hexa) d50-1 1/2"
AQ2706GP632	Übergangs-Gewinde-Muffe IG d63-2" Hexa 6-Kant	Adaptor socket "f" d63-2" Hexa	Manchon adaptateur (filetage femelle Hexa) d63-2"
AQ2706GP75212	Übergangs-Gewinde-Muffe IG d75-2 1/2" Hexa 6-Kant	Adaptor socket "f" d75-2 1/2 Hexa	Manchon adaptateur (filetage femelle Hexa) d75-2 1/2"
AQ270GP1104	Übergangs-Gewinde-Muffe IG d110-4"	Adaptor socket "f" d110-4"	Manchon adaptateur (filetage femelle) d110-4" 
AQ270GP2012	Übergangs-Gewinde-Muffe IG d20-1/2"	Adaptor socket "f" d20-1/2"	Manchon adaptateur (filetage femelle) d20-1/2"
AQ270GP2034	Übergangs-Gewinde-Muffe IG d20-3/4"	Adaptor socket "f" d20-3/4"	Manchon adaptateur (filetage femelle) d20-3/4"
AQ270GP2512	Übergangs-Gewinde-Muffe IG d25-1/2"	Adaptor socket "f" d25-1/2"	Manchon adaptateur (filetage femelle) d25-1/2"
AQ270GP2534	Übergangs-Gewinde-Muffe IG d25-3/4"	Adaptor socket "f" d25-3/4"	Manchon adaptateur (filetage femelle) d25-3/4"
AQ270GP321	Übergangs-Gewinde-Muffe IG d32-1"	Adaptor socket "f" d32-1"	Manchon adaptateur (filetage femelle) d32-1"
AQ270GP3234	Übergangs-Gewinde-Muffe IG d32-3/4"	Adaptor socket "f" d32-3/4"	Manchon adaptateur (filetage femelle) d32-3/4"
AQ270GP401	Übergangs-Gewinde-Muffe IG d40-1" 	Adaptor socket "f" d40-1"	Manchon adaptateur (filetage femelle) d40-1"
AQ270GP40114	Übergangs-Gewinde-Muffe IG d40-1 1/4"	Adaptor socket "f" d40-1 1/4"	Manchon adaptateur (filetage femelle) d40-1 1/4"
AQ270GP50112	Übergangs-Gewinde-Muffe IG d50-1 1/2"	Adaptor socket "f" d50-1 1/2"	Manchon adaptateur (filetage femelle) d50-1 1/2"
AQ270GP632	Übergangs-Gewinde-Muffe IG d63-2"	Adaptor socket "f" d63-2"	Manchon adaptateur (filetage femelle) d63-2"
AQ270GP75212	Übergangs-Gewinde-Muffe IG d75-2 1/2"	Adaptor socket "f" d75-2 1/2"	Manchon adaptateur (filetage femelle) d75-2 1/2"
AQ270GP903	Übergangs-Gewinde-Muffe IG d90-3"	Adaptor socket "f" d90-3"	Manchon adaptateur (filetage femelle) d90-3"
AQ270P110	Muffe d110 mm	Socket d110 mm	Manchon d110 mm
AQ270P125	Muffe d125 mm	Socket d125 mm	Manchon d125 mm
AQ270P20	Muffe d20 mm	Socket d20 mm	Manchon d20 mm
AQ270P25	Muffe d25 mm	Socket d25 mm	Manchon d25 mm
AQ270P32	Muffe d32 mm	Socket d32 mm	Manchon d32 mm
AQ270P40	Muffe d40 mm	Socket d40 mm	Manchon d40 mm
AQ270P50	Muffe d50 mm	Socket d50 mm	Manchon d50 mm
AQ270P63	Muffe d63 mm	Socket d63 mm	Manchon d63 mm
AQ270P75	Muffe d75 mm	Socket d75 mm	Manchon d75 mm
AQ270P90	Muffe d90 mm	Socket d90 mm	Manchon d90 mm
AQ270SP406312	Einschweißsattel IG d40-63 1/2"	Weld-in saddle "f" d40-63 1/2"	Collier de soudage (filetage femelle) d40-63 1/2"
AQ270SP406334	Einschweißsattel IG d40-63 3/4"	Weld-in saddle "f" d40-63 3/4"	Collier de soudage (filetage femelle) d40-63 3/4"
AQ270SP7512512	Einschweißsattel IG d75-125 1/2"	Weld-in saddle "f" d75-125 1/2"	Collier de soudage (filetage femelle) d75-125 1/2"
AQ270SP7512534	Einschweißsattel IG d75-125 3/4"	Weld-in saddle "f" d75-125 3/4"	Collier de soudage (filetage femelle) d75-125 3/4"
AQ271P110	Elektro-Schweißmuffe d110 mm	Electrofusion socket d110 mm	Raccord électrofusion d110 mm
AQ271P125	Elektro-Schweißmuffe d125 mm	Electrofusion socket d125 mm	Raccord électrofusion d125 mm
AQ271P160	Elektro-Schweißmuffe d160 mm	Electrofusion socket d160 mm	Raccord électrofusion d160 mm
AQ271P20	Elektro-Schweißmuffe d20 mm	Electrofusion socket d20 mm	Raccord électrofusion d20 mm
AQ271P200	Elektro-Schweißmuffe d200 mm	Electrofusion socket d200 mm	Raccord électrofusion d200 mm
AQ271P25	Elektro-Schweißmuffe d25 mm	Electrofusion socket d25 mm	Raccord électrofusion d25 mm
AQ271P250	Elektro-Schweißmuffe d250 mm	Electrofusion socket d250 mm	Raccord électrofusion d250 mm
AQ271P315	Elektro-Schweißmuffe d315 mm	Electrofusion socket d315 mm	Raccord électrofusion d315 mm
AQ271P32	Elektro-Schweißmuffe d32 mm	Electrofusion socket d32 mm	Raccord électrofusion d32 mm
AQ271P40	Elektro-Schweißmuffe d40 mm	Electrofusion socket d40 mm	Raccord électrofusion d40 mm
AQ271P50	Elektro-Schweißmuffe d50 mm	Electrofusion socket d50 mm	Raccord électrofusion d50 mm
AQ271P63	Elektro-Schweißmuffe d63 mm	Electrofusion socket d63 mm	Raccord électrofusion d63 mm
AQ271P75	Elektro-Schweißmuffe d75 mm	Electrofusion socket d75 mm	Raccord électrofusion d75 mm
AQ271P90	Elektro-Schweißmuffe d90 mm	Electrofusion socket d90 mm	Raccord électrofusion d90 mm
AQ287P20	Überspringbogen d20 mm	Cross over d20 mm	Raccord transversal d20 mm
AQ287P25	Überspringbogen d25 mm	Cross over d25 mm	Raccord transversal d25 mm
AQ287P32	Überspringbogen d32 mm	Cross over d32 mm	Raccord transversal d32 mm
AQ301P125	Kappe d125 mm	Cap d125 mm	Bouchon d125 mm
AQ301P160	Kappe (SDR 11) d160 mm	Cap d160 mm (SDR 11)	Bouchon d160 mm (SDR 11)
AQ301P20	Kappe d20 mm	Cap d20 mm	Bouchon d20 mm
AQ301P200	Kappe (SDR 11) d200 mm	Cap d200 mm (SDR 11)	Bouchon d200 mm (SDR 11)
AQ301P25	Kappe d25 mm	Cap d25 mm	Bouchon d25 mm
AQ301P250	Kappe (SDR 11) d250 mm	Cap d250 mm (SDR 11)	Bouchon d250 mm (SDR 11)
AQ301P315	Kappe (SDR 11) d315 mm	Cap d315 mm (SDR 11)	Bouchon d315 mm (SDR 11)
AQ301P32	Kappe d32 mm	Cap d32 mm	Bouchon d32 mm
AQ301P40	Kappe d40 mm	Cap d40 mm	Bouchon d40 mm
AQ301P50	Kappe d50 mm	Cap d50 mm	Bouchon d50 mm
AQ301P63	Kappe d63 mm	Cap d63 mm	Bouchon d63 mm
AQ301P75	Kappe d75 mm	Cap d75 mm	Bouchon d75 mm
AQ301P90	Kappe d90 mm	Cap d90 mm	Bouchon d90 mm
AQ330AP20	Verschraubung d20 mm PP	Union d20 mm PP	Raccord union d20 mm PP
AQ330AP25	Verschraubung d25 mm PP	Union d25 mm PP	Raccord union d25 mm PP
AQ330AP32	Verschraubung d32 mm PP	Union d32 mm PP	Raccord union d32 mm PP
AQ330AP40	Verschraubung d40 mm PP	Union d40 mm PP	Raccord union d40 mm PP
AQ330AP50	Verschraubung d50 mm PP	Union d50 mm PP	Raccord union d50 mm PP
AQ330AP63	Verschraubung d63 mm PP	Union d63 mm PP	Raccord union d63 mm PP
AQ332P2012	Verschraubung IG d20-1/2"	Union socket "f" d20-1/2"	Raccord union (filetage femelle) d20-1/2"
AQ332P2034	Verschraubung IG d20-3/4"	Union socket "f" d20-3/4"	Raccord union (filetage femelle) d20-3/4"
AQ332P2534	Verschraubung IG d25-3/4"	Union socket "f" d25-3/4"	Raccord union (filetage femelle) d25-3/4"
AQ472GP2012	Wandscheibe 90° IG d20-1/2"	Wall bracket 90° "f" d20-1/2"	Coude/Support mural 90° (filetage femelle) d20-1/2"
AQ472GP2512	Wandscheibe 90° IG d25-1/2"	Wall bracket 90° "f" d25-1/2"	Coude/Support mural 90° (filetage femelle) d25-1/2"
AQ472GP2534	Winkel/Wandscheibe 90° IG d25-3/4"	Wall bracket 90° "f" d25-3/4"	Coude/Support mural 90° (filetage femelle) d25-3/4"
AQ472GP321	Winkel/Wandscheibe 90° IG d32-1"	Wall bracket 90° "f" d32-1" 	Coude/Support mural 90° (filetage femelle) d32-1" 
AQ472GP3234	Winkel/Wandscheibe 90° IG d32-3/4"	Wall bracket 90° "f" d32-3/4"	Coude/Support mural 90° (filetage femelle) d32-3/4"
AQ490GP2012	Montageeinheit PP-R IG d20-1/2"	Wall plate PP-R "f" d20-1/2"	Applique murale PP-R (filetage femelle) d20-1/2"
AQ490GP2512	Montageeinheit PP-R IG d25-1/2"	Wall plate PP-R "f" d25-1/2"	Applique murale PP-R (filetage femelle) d25-1/2"
AQ492GP2012	Montagegruppe PP-R IG d20-1/2"	Double wall plate PP-R "f" d20-1/2"	Double applique murale PP-R (filetage femelle) d20-1/2"
AQ492GP2512	Montagegruppe PP-R IG d25-1/2"	Double wall plate PP-R "f" d25-1/2"	Double applique murale PP-R (filetage femelle) d25-1/2"
AQ532P20	Metallverschraubung mit PP-R ELT IG d20 mm unvern.	Metal union (CW617N) with PP-R socket "f" d20 mm	Raccord union métal (CW617N) avec emboîture PP-R (filetage femelle) d20 mm
AQ532P25	Metallverschraubung mit PP-R ELT IG d25 mm unvern.	Metal union (CW617N) with PP-R socket "f" d25 mm	Raccord union métal (CW617N) avec emboîture PP-R (filetage femelle) d25 mm
AQ532P32	Metallverschraubung mit PP-R ELT IG d32 mm unvern.	Metal union (CW617N) with PP-R socket "f" d32 mm	Raccord union métal (CW617N) avec emboîture PP-R (filetage femelle) d32 mm
AQ532P40	Metallverschraubung mit PP-R ELT IG d40 mm unvern.	Metal union (CW617N) with PP-R socket "f" d40 mm	Raccord union métal (CW617N) avec emboîture PP-R (filetage femelle) d40 mm
AQ532P50	Metallverschraubung mit PP-R ELT IG d50 mm unvern.	Metal union  (CW617N) with PP-R socket "f" d50 mm 	Raccord union métal  (CW617N) avec emboîture PP-R (filetage femelle) d50 mm 
AQ532P63	Metallverschraubung mit PP-R ELT IG d63 mm unvern.	Metal union  (CW617N) with PP-R socket "f" d63 mm 	Raccord union métal  (CW617N) avec emboîture PP-R (filetage femelle) d63 mm 
AQ537P20	Metallverschraubung mit PP-R ELT AG d20 mm unvern.	Metal union (CW617N) with PP-R socket "m" d20 mm	Raccord union métal (CW617N) avec emboîture PP-R (filetage mâle) d20 mm
AQ537P25	Metallverschraubung mit PP-R ELT AG d25 mm unvern.	Metal union (CW617N) with PP-R socket "m" d25 mm	Raccord union métal (CW617N) avec emboîture PP-R (filetage mâle) d25 mm
AQ537P32	Metallverschraubung mit PP-R ELT AG d32 mm unvern.	Metal union (CW617N) with PP-R socket "m" d32 mm	Raccord union métal (CW617N) avec emboîture PP-R (filetage mâle) d32 mm
AQ537P40	Metallverschraubung mit PP-R ELT AG d40 mm unvern.	Metal union (CW617N) with PP-R socket "m" d40 mm	Raccord union métal (CW617N) avec emboîture PP-R (filetage mâle) d40 mm
AQ537P50	Metallverschraubung mit PP-R ELT AG d50 mm unvern.	Metal union with PP-R socket "m" d50 mm 	Raccord union métal avec emboîture PP-R (filetage mâle) d50 mm 
AQ537P63	Metallverschraubung mit PP-R ELT AG d63 mm unvern.	Metal union with PP-R socket "m" d63 mm	Raccord union métal avec emboîture PP-R (filetage mâle) d63 mm
AQ593P11	Reparaturstopfen d11 mm	Repair plug d11 mm	Bouchon de réparation d11 mm
AQ593P7	Reparaturstopfen d7 mm	Repair plug d7 mm	Bouchon de réparation d7 mm
AQ593P711	Reparaturstopfen d7 mm + d11 mm	Repairing plug 7 mm/11 mm	Bouchon de réparation 7 mm/11mm
AQ599AP2034	Ventil-Unterteil IG d20-3/4"	Tee 90° "f" for internal valve d20-3/4"	Té 90° (filetage femelle) pour vanne encastrée d20-3/4"
AQ599AP2534	Ventil-Unterteil IG d25-3/4"	Tee 90° "f" for internal valve d25-3/4"	Té 90° (filetage femelle) pour vanne encastrée d25-3/4"
AQ599AP3234	Ventil-Unterteil IG d32-3/4"	Tee 90° "f" for internal valve d32-3/4"	Té 90° (filetage femelle) pour vanne encastrée d32-3/4"
AQ700P2012	Schrägsitzventil IG d20-1/2"	Angle seat valve "f" d20-1/2"	Vanne à siège incliné (filetage femelle) d20-1/2"
AQ700P2534	Schrägsitzventil IG d25-3/4"	Angle seat valve "f" d25-3/4"	Vanne à siège incliné (filetage femelle) d25-3/4"
AQ700P3234	Schrägsitzventil IG d32-3/4"	Angle seat valve "f" d32-3/4"	Vanne à siège incliné (filetage femelle) d32-3/4"
AQ790P110	Bundbuchse d110 mm	Flange adaptor d110 mm	Raccord à bride d110 mm
AQ790P125	Bundbuchse d125 mm	Flange adaptor d125 mm	Raccord à bride d125 mm
AQ790P160	V-Bund (SDR 11) d160 mm	Flange adaptor d160 mm (SDR 11)	Raccord à bride d160 mm (SDR 11)
AQ790P200	V-Bund (SDR 11) d200 mm	Flange adaptor d200 mm (SDR 11)	Raccord à bride d200 mm (SDR 11)
AQ790P25	Bundbuchse d25 mm	Flange adaptor d25 mm	Collet à bride d25 mm
AQ790P250	V-Bund (SDR 11) d250 mm	Flange adaptor d250 mm (SDR 11)	Raccord à bride d250 mm (SDR 11)
AQ790P315	V-Bund (SDR 11) d315 mm	Flange adaptor d315 mm (SDR 11)	Raccord à bride d315 mm (SDR 11)
AQ790P32	Bundbuchse d32 mm	Flange adaptor d32 mm	Collet à bride d32 mm
AQ790P40	Bundbuchse d40 mm	Flange adaptor d40 mm	Raccord à bride d40 mm
AQ790P50	Bundbuchse d50 mm	Flange adaptor d50 mm	Raccord à bride d50 mm
AQ790P63	Bundbuchse d63 mm	Flange adaptor d63 mm	Raccord à bride d63 mm
AQ790P75	Bundbuchse d75 mm	Flange adaptor d75 mm	Raccord à bride d75 mm
AQ790P90	Bundbuchse d90 mm	Flange adaptor d90 mm	Raccord à bride d90 mm
AQ909P12	Abpresszapfen 1/2	Pressure test plug 1/2"	Bouchon d'essai de pression 1/2"
BH045P20	Winkel 45° d20 mm	Elbow 45° d20 mm	Coude 45° d20 mm
BL041P20	Winkel 45° I/A d20 mm blau	Elbow 45° m/f d20 mm blue	Coude 45° (femelle/mâle) d20 mm bleu
BL041P25	Winkel 45° I/A d25 mm blau	Elbow 45° m/f d25 mm blue	Coude 45° (femelle/mâle) d25 mm bleu
BL045P110	Winkel 45° d110 mm blau	Elbow 45° d110 mm blue	Coude 45° d110 mm bleu
BL045P20	Winkel 45° d20 mm blau	Elbow 45° d20 mm blue	Coude 45° dd20 mm bleu
BL045P25	Winkel 45° d25 mm blau	Elbow 45° d25 mm blue	Coude 45° d25 mm bleu
BL045P32	Winkel 45° d32 mm blau	Elbow 45° d32 mm blue	Coude 45° d32 mm bleu
BL045P40	Winkel 45° d40 mm blau	Elbow 45° d40 mm blue	Coude 45° d40 mm bleu
BL045P50	Winkel 45° d50 mm blau	Elbow 45° d50 mm blue	Coude 45° d50 mm bleu
BL045P63	Winkel 45° d63 mm blau	Elbow 45° d63 mm blue	Coude 45° d63 mm bleu
BL045P75	Winkel 45° d75 mm blau	Elbow 45° d75 mm blue	Coude 45° d75 mm bleu
BL0906GP321	Winkel 90° IG d32-1" blau Hexa 6-Kant	Elbow 90° "f" d32-1" blue Hexa	Coude 90° (filetage femelle Hexa) d32-1" bleu
BL090GP2012	Winkel 90° IG d20-1/2" blau	Elbow 90° "f" d20-1/2" blue	Coude 90° (filetage femelle) d20-1/2" bleu
BL090GP2512	Winkel 90° IG d25-1/2" blau	Elbow 90° "f" d25-1/2" blue	Coude 90° (filetage femelle) d25-1/2" bleu
BL090GP2534	Winkel 90° IG d25-3/4" blau	Elbow 90° "f" d25-3/4" blue	Coude 90° (filetage femelle) d25-3/4" bleu
BL090GP321	Winkel 90° IG d32-1" blau	Elbow 90° "f" d32-1" blue	Coude 90° (filetage femelle) d32-1" bleu
BL090P110	Winkel 90° d110 blau	Elbow 90° d110 mm blue	Coude 90° d110 mm bleu
BL090P20	Winkel 90° d20 mm blau	Elbow 90° d20 mm blue	Coude 90° d20 mm bleu
BL090P25	Winkel 90° d25 mm blau	Elbow 90° d25 mm blue	Coude 90° d25 mm bleu
BL090P32	Winkel 90° d32 mm blau	Elbow 90° d32 mm blue	Coude 90° d32 mm bleu
BL090P40	Winkel 90° d40 mm blau	Elbow 90° d40 mm blue	Coude 90° d40 mm bleu
BL090P50	Winkel 90° d50 mm blau	Elbow 90° d50 mm blue	Coude 90° d50 mm bleu
BL090P63	Winkel 90° d63 mm blau	Elbow 90° d63 mm blue	Coude 90° d63 mm bleu
BL090P75	Winkel 90° d75 mm blau	Elbow 90° d75 mm blue	Coude 90° d75 mm bleu
BL090P90	Winkel 90° d90 mm blau	Elbow 90° d90 mm blue	Coude 90° d90 mm bleu
BL091P20	Winkel 90° I/A d20 mm blau	Elbow 90° m/f d20 mm blue	Coude 90° (femelle/mâle) d20 mm bleu
BL092GP2012	Winkel 90° AG d20-1/2" blau	Elbow 90° "m" d20-1/2" blue	Coude 90° (filetage mâle) d20-1/2" bleu
BL092GP2512	Winkel 90° AG d25-1/2" blau	Elbow 90° "m" d25-1/2" blue	Coude 90° (filetage mâle) d25-1/2" bleu
BL130GP2012	T-Stück 90° IG d20-1/2" blau	Tee 90° "f" d20-1/2" blue	Té 90° (filetage femelle) d20-1/2" bleu
BL130GP2512	T-Stück 90° IG d25-1/2" blau	Tee 90° "f" d25-1/2" blue	Té 90° (filetage femelle) d25-1/2" bleu
BL130GP2534	T-Stück 90° IG d25-3/4" blau	Tee 90° "f" d25-3/4" blue	Té 90° (filetage femelle) d25-3/4" bleu
BL130GP3234	T-Stück 90° IG d32-3/4" blau	Tee "f" d32-3" blue	Té 90° (filetage femelle) d32-3/4" bleu
BL130P11063	T-Stück red. d110-63 mm blau	Reducing tee d110-63 mm blue	Té réduit d110-63 mm bleu
BL130P20	T-Stück d20 mm blau	Tee d20 mm blue	Té d20 mm bleu
BL130P25	T-Stück d25 mm blau	Tee d25 mm blue	Té d25 mm bleu
BL130P2520	T-Stück red. d25-20 mm blau	Reducing tee d25-20 mm blue	Té réduit d25-20 mm bleu
BL130P32	T-Stück d32 mm blau	Tee d32 mm blue	Té d32 mm bleu
BL130P3220	T-Stück red. d32-20 mm blau	Reducing tee d32-20 mm blue	Té réduit d32-20 mm bleu
BL130P3225	T-Stück red. d32-25 mm blau	Reducing tee d32-25 mm blue	Té réduit d32-25 mm bleu
BL130P40	T-Stück d40 mm blau	Tee d40 mm blue	Té d40 mm bleu
BL130P4020	T-Stück red. d40-20 mm blau	Reducing tee d40-20 mm blue	Té réduit d40-20 mm bleu
BL130P4025	T-Stück red. d40-25 mm blau	Reducing tee d40-25 mm blue	Té réduit d40-25 mm bleu
BL130P4032	T-Stück red. d40-32 mm blau	Reducing tee d40-32 mm blue	Té réduit d40-32 mm bleu
BL130P50	T-Stück d50 mm blau	Tee d50 mm blue	Té d50 mm bleu
BL130P5020	T-Stück red. d50-20 mm blau	Reducing tee d50-20 mm blue	Té réduit d50-20 mm bleu
BL130P5025	T-Stück red. d50-25 mm blau	Reducing tee d50-25 mm blue	Té réduit d50-25 mm bleu
BL130P5032	T-Stück red. d50-32 mm blau	Reducing tee d50-32 mm blue	Té réduit d50-32 mm bleu
BL130P5040	T-Stück red. d50-40 mm blau	Reducing tee d50-40 mm blue	Té réduit d50-40 mm bleu
BL130P63	T-Stück d63 mm blau	Tee d63 mm blue	Té d63 mm bleu
BL130P6320	T-Stück red. d63-20 mm blau	Reducing tee d63-20 mm blue	Té réduit d63-20 mm bleu
BL130P6325	T-Stück red. d63-25 mm blau	Reducing tee d63-25 mm blue	Té réduit d63-25 mm bleu
BL130P6332	T-Stück red. d63-32 mm blau	Reducing tee d63-32 mm blue	Té réduit d63-32 mm bleu
BL130P6340	T-Stück red. d63-40 mm blau	Reducing tee d63-40 mm blue	Té réduit d63-40 mm bleu
BL130P6350	T-Stück red. d63-5 mm blau	Reducing tee d63-50 mm blue	Té réduit d63-50 mm bleu
BL130P75	T-Stück d75 mm blau	Tee d75 mm blue	Té d75 mm bleu
BL130P7563	T-Stück red. d75-63 mm blau	Reducing tee d75-63 mm blue	Té réduit d75-63 mm bleu
BL130P90	T-Stück d90 mm blau	Tee d90 mm blue	Té d90 mm bleu
BL130P9063	T-Stück red. d90-63 mm blau	Reducing tee d90-63 mm blue	Té réduit d90-63 mm bleu
BL130P9075	T-Stück red. d90-75 mm blau	Reducing tee d90-75 mm blue	Té réduit d90-75 mm bleu
BL133GP2512	T-Stück 90° AG d25-1/2 blau	Tee 90° "m" d25-1/2" blue	Té 90° (filetage mâle) d25-1/2" bleu
BL180P25	Kreuz d25 mm blau	Cross d25 mm blue	Croix d25 mm bleu
BL2436GP321	Übergangs-Gewinde-Muffe AG d32-1" blau Hexa 6-Kant	Adaptor socket "m" d32-1" blue Hexa	Manchon adaptateur (filetage mâle Hexa) d32-1" bleu
BL2436GP40114	Übergangs-Gewinde-Muffe AG d40-1 1/4" blau Hexa 6-Kant	Adaptor socket "m" d40-1 1/4" blue Hexa	Manchon adaptateur (filetage mâle Hexa) d40-1 1/4" bleu
BL2436GP50112	Übergangs-Gewinde-Muffe AG d50-1 1/2" blau Hexa 6-Kant	Adaptor socket "m" d50-1 1/2" blue Hexa	Manchon adaptateur (filetage mâle Hexa) d50-1 1/2" bleu
BL2436GP632	Übergangs-Gewinde-Muffe AG d63-2" blau Hexa 6-Kant	Adaptor socket "m" d63-2" blue Hexa	Manchon adaptateur (filetage mâle Hexa) d63-2" bleu
BL243GP2012	Übergangs-Gewinde-Muffe AG d20-1/2" blau	Adaptor socket "m" d20-1/2" blue	Manchon adaptateur (filetage mâle) d20-1/2" bleu
BL243GP2034	Übergangs-Gewinde-Muffe AG d20-3/4" blau	Adaptor socket "m" d20-3/4" blue	Manchon adaptateur (filetage mâle) d20-3/4" bleu
BL243GP2512	Übergangs-Gewinde-Muffe AG d25-1/2" blau	Adaptor socket "m" d25-1/2" blue	Manchon adaptateur (filetage mâle) d25-1/2" bleu
BL243GP2534	Übergangs-Gewinde-Muffe AG d25-3/4" blau	Adaptor socket "m" d25-3/4" blue	Manchon adaptateur (filetage mâle) d25-3/4" bleu
BL243GP321	Übergangs-Gewinde-Muffe AG d32-1" blau	Adaptor socket "m" d32-1" blue	Manchon adaptateur (filetage mâle) d32-1" bleu
BL243GP3234	Übergangs-Gewinde-Muffe AG d32-3/4" blau	Adaptor socket "m" d32-3/4" blue	Manchon adaptateur (filetage mâle) d32-3/4" bleu
BL243GP40114	Übergangs-Gewinde-Muffe AG d40-1 1/4" blau	Adaptor socket "m" d40-1 1/4" blue	Manchon adaptateur (filetage mâle) d40-1 1/4" bleu
BL243GP50112	Übergangs-Gewinde-Muffe AG d50-1 1/2" blau	Adaptor socket "m" d50-1 1/2" blue	Manchon adaptateur (filetage mâle) d50-1 1/2" bleu
BL243GP632	Übergangs-Gewinde-Muffe AG d63-2" blau	Adaptor socket "m" d63-2 blue	Manchon adaptateur (filetage mâle) d63-2 bleu
BL243P2520	Reduktion d25-20 mm blau	Reducing bush d25-20 mm blue	Réduction d25-20 mm bleu
BL243P3220	Reduktion d32-20 mm blau	Reducing bush d32-20 mm blue	Réduction d32-20 mm bleu
BL243P3225	Reduktion d32-25 mm blau	Reducing bush d32-25 mm blue	Réduction d32-25 mm bleu
BL243P4020	Reduktion d40-20 mm blau	Reducing bush d40-20 mm blue	Réduction d40-20 mm bleu
BL243P4025	Reduktion d40-25 mm blau	Reducing bush d40-25 mm blue	Réduction d40-25 mm bleu
BL243P4032	Reduktion d40-32 mm blau	Reducing bush d40-32 mm blue	Réduction d40-32 mm bleu
BL243P5020	Reduktion d50-20 mm blau	Reducing bush d50-20 mm blue	Réduction d50-20 mm bleu
BL243P5025	Reduktion d50-25 mm blau	Reducing bush d50-25 mm blue	Réduction d50-25 mm bleu
BL243P5032	Reduktion d50-32 mm blau	Reducing bush d50-32 mm blue	Réduction d50-32 mm bleu
BL243P5040	Reduktion d50-40 mm blau	Reducing bush d50-40 mm blue	Réduction d50-40 mm bleu
BL243P6320	Reduktion d63-20 mm blau	Reducing bush d63-20 mm blue	Réduction d63-20 mm bleu
BL243P6325	Reduktion d63-25 mm blau	Reducing bush d63-25 mm blue	Réduction d63-25 mm bleu
BL243P6332	Reduktion d63-32 mm blau	Reducing bush d63-32 mm blue	Réduction d63-32 mm bleu
BL243P6340	Reduktion d63-40 mm blau	Reducing bush d63-40 mm blue	Réduction d63-40 mm bleu
BL243P6350	Reduktion d63-50 mm blau	Reducing bush d63-50 mm blue	Réduction d63-50 mm bleu
BL243P7550	Reduktion d75-50 mm blau	Reducer d75-50 mm blue	Réduction d75-50 mm bleu
BL243P7563	Reduktion d75-63 mm blau	Reducer d75-63 mm blue	Réduction d75-63 mm bleu
BL2706GP321	Übergangs-Gewinde-Muffe IG d32-1" blau Hexa 6-Kant	Adaptor socket "f" d32-1" blue Hexa	Manchon adaptateur (filetage femelle Hexa) d32-1" bleu
BL2706GP40114	Übergangs-Gewinde-Muffe IG d40-1 1/4" blau Hexa 6-Kant	Adaptor socket "f" d40-1 1/4" blue Hexa	Manchon adaptateur (filetage femelle Hexa) d40-1 1/4" bleu
BL2706GP50112	Übergangs-Gewinde-Muffe IG d50-1 1/2" blau Hexa 6-Kant	Adaptor socket "f" d50-1 1/2" blue Hexa	Manchon adaptateur (filetage femelle Hexa) d50-1 1/2" bleu
BL2706GP632	Übergangs-Gewinde-Muffe IG d63-2" blau Hexa 6-Kant	Adaptor socket "f" d63-2" blue Hexa	Manchon adaptateur (filetage femelle Hexa) d63-2" bleu
BL270GP2012	Übergangs-Gewinde-Muffe IG d20-1/2" blau	Adaptor socket "f" d20-1/2" blue	Manchon adaptateur (filetage femelle) d20-1/2" bleu
BL270GP2512	Übergangs-Gewinde-Muffe IG d25-1/2" blau	Adaptor socket "f" d25-1/2" blue	Manchon adaptateur (filetage femelle) d25-1/2" bleu
BL270GP2534	Übergangs-Gewinde-Muffe IG d25-3/4" blau	Adaptor socket "f" d25-3/4" blue	Manchon adaptateur (filetage femelle) d25-3/4" bleu
BL270GP321	Übergangs-Gewinde-Muffe IG d32-1" blau	Adaptor socket "f" d32-1" blue	Manchon adaptateur (filetage femelle) d32-1" bleu
BL270GP3234	Übergangs-Gewinde-Muffe IG d32-3/4" blau	Adaptor socket "f" d32-3/4" blue	Manchon adaptateur (filetage femelle) d32-3/4" bleu
BL270GP40114	Übergangs-Gewinde-Muffe IG d40-1 1/4" blau	Adaptor socket "f" d40-1 1/4" blue	Manchon adaptateur (filetage femelle) d40-1 1/4" bleu
BL270GP50112	Übergangs-Gewinde-Muffe IG d50-1 1/2" blau	Adaptor socket "f" d50-1 1/2" blue	Manchon adaptateur (filetage femelle) d50-1 1/2" bleu
BL270GP632	Übergangs-Gewinde-Muffe IG d63-2" blau	Adaptor socket "f" d63-2" blue	Manchon adaptateur (filetage femelle) d63-2" bleu
BL270P20	Muffe d20 mm blau	Socket d20 mm blue	Manchon d20 mm bleu
BL270P25	Muffe d25 mm blau	Socket d25 mm blue	Manchon d25 mm bleu
BL270P32	Muffe d32 mm blau	Socket d32 mm blue	Manchon d32 mm bleu
BL270P40	Muffe d40 mm blau	Socket d40 mm blue	Manchon d40 mm bleu
BL270P50	Muffe d50 mm blau	Socket d50 mm blue	Manchon d50 mm bleu
BL270P63	Muffe d63 mm blau	Socket d63 mm blue	Manchon d63 mm bleu
BL270P75	Muffe d75 mm blau	Socket d75 mm blue	Manchon d75 mm bleu
BL270P90	Muffe d90 mm blau	Socket d90 mm blue	Manchon d90 mm bleu
BL271P125	Elektro-Schweißmuffe d125 mm blau	Electrofusion socket d125 mm blue	Raccord électrofusion d125 mm bleu
BL287P20	Überspringbogen d20 mm blau	Cross over d20 mm blue	Raccord transversal d20 mm bleu
BL287P25	Überspringbogen d25 mm blau	Cross over d25 mm blue	Raccord transversal d25 mm bleu
BL287P32	Überspringbogen d32 mm blau	Cross over d32 mm blue	Raccord transversal d32 mm bleu
BL301P110	Kappe d110 mm blau	Cap d110 mm blue	Bouchon d110 mm bleu
BL301P20	Kappe d20 mm blau	Cap d20 mm blue	Bouchon d20 mm bleu
BL301P25	Kappe d25 mm blau	Cap d25 mm blue	Bouchon d25 mm bleu
BL301P32	Kappe d32 mm blau	Cap d32 mm blue	Bouchon d32 mm bleu
BL301P40	Kappe d40 mm blau	Cap d40 mm blue	Bouchon d40 mm bleu
BL301P50	Kappe d50 mm blau	Cap d50 mm blue	Bouchon d50 mm bleu
BL301P63	Kappe d63 mm blau	Cap d63 mm blue	Bouchon d63 mm bleu
BL472GP2012	Wandscheibe 90° IG d20-1/2" blau	Wall bracket 90° "f" d20-1/2" blue	Coude/Support mural 90° (filetage femelle) d20-1/2" bleu
BL472GP2512	Wandscheibe 90° IG d25-1/2" blau	Wall bracket 90° "f" d25-1/2" blue	Coude/Support mural 90° (filetage femelle) d25-1/2" bleu
BL472GP2534	Winkel/Wandscheibe 90° IG d25-3/4" blau	Wall bracket 90° "f" d25-3/4" blue	Coude/Support mural 90° (filetage femelle) d25-3/4" bleu
BL532P20	Metallverschr. mit PP-R ELT IG d20 mm unvern. blau	Metal union (CW617N) with PP-R socket "f" d20 mm blue	Raccord union métal (CW617N) avec emboîture PP-R (filetage femelle) d20 mm bleu
BL532P25	Metallverschr. mit PP-R ELT IG d25 mm unvern. blau	Metal union (CW617N) with PP-R socket "f" d25 mm blue	Raccord union métal (CW617N) avec emboîture PP-R (filetage femelle) d25 mm bleu
BL532P32	Metallverschr. mit PP-R ELT IG d32 mm unvern. blau	Metal union (CW617N) with PP-R socket "f" d32 mm blue	Raccord union métal (CW617N) avec emboîture PP-R (filetage femelle) d32 mm bleu
BL532P40	Metallverschr. mit PP-R ELT IG d40 mm unvern. blau	Metal union (CW617N) with PP-R socket "f" d40 mm blue	Raccord union métal (CW617N) avec emboîture PP-R (filetage femelle) d40 mm bleu
BL537P20	Metallverschr. mit PP-R ELT AG d20 mm unvern. blau	Metal union (CW617N) with PP-R socket "m" d20 mm blue	Raccord union métal (CW617N) avec emboîture PP-R (filetage mâle) d20 mm bleu
BL537P25	Metallverschr. mit PP-R ELT AG d25 mm unvern. blau	Metal union (CW617N) with PP-R socket "m" d25 mm blue	Raccord union métal (CW617N) avec emboîture PP-R (filetage mâle) d25 mm bleu
BL537P32	Metallverschr. mit PP-R ELT AG d32 mm unvern. blau	Metal union (CW617N) with PP-R socket "m" d32 mm blue	Raccord union métal (CW617N) avec emboîture PP-R (filetage mâle) d32 mm bleu
BL537P40	Metallverschr. mit PP-R ELT AG d40 mm unvern. blau	Metal union (CW617N) with PP-R socket "m" d40 mm blue	Raccord union métal (CW617N) avec emboîture PP-R (filetage mâle) d40 mm bleu
BL599AP2034	Ventil-Unterteil IG d20-3/4" blau	Tee 90° "f" for internal valve d20-3/4" blue	Té 90° (filetage femelle) pour vanne encastrée d20-3/4" bleu
BL599AP2534	Ventil-Unterteil IG d25-3/4" blau	Tee 90° "f" for internal valve d25-3/4" blue	Té 90° (filetage femelle) pour vanne encastrée d25-3/4" bleu
BL599AP3234	Ventil-Unterteil IG d32-3/4" blau	Tee 90° "f" for internal valve d32-3/4" blue	Té 90° (filetage femelle) pour vanne encastrée d32-3/4" bleu
BL790P110	Bundbuchse d110 mm blau	Flange adaptor d110 mm blue	Raccord à bride d110 mm bleu
CU041P20	Winkel 45° I/A d20 mm curry	Elbow 45° m/f d20 mm curry	Coude 45° (femelle/mâle) d20 mm curry
CU041P25	Winkel 45° I/A d25 mm curry	Elbow 45° m/f d25 mm curry	Coude 45° (femelle/mâle) d25 mm curry
CU045P110	Winkel 45° d110 mm curry	Elbow 45° d110 mm curry	Coude 45° d110 mm curry
CU045P125	Winkel 45° d125 mm curry	Elbow 45° d125 mm curry	Coude 45° d125 mm curry
CU045P20	Winkel 45° d20 mm curry	Elbow 45° d20 mm curry	Coude 45° d20 mm curry
CU045P25	Winkel 45° d25 mm curry	Elbow 45° d25 mm curry	Coude 45° d25 mm curry
CU045P32	Winkel 45° d32 mm curry	Elbow 45° d32 mm curry	Coude 45° d32 mm curry
CU045P40	Winkel 45° d40 mm curry	Elbow 45° d40 mm curry	Coude 45° d40 mm curry
CU045P50	Winkel 45° d50 mm curry	Elbow 45° d50 mm curry	Coude 45° d50 mm curry
CU045P63	Winkel 45° d63 mm curry	Elbow 45° d63 mm curry	Coude 45° d63 mm curry
CU045P75	Winkel 45° d75 mm curry	Elbow 45° d75 mm curry	Coude 45° d20 mm d75 mm curry
CU045P90	Winkel 45° d90 mm curry	Elbow 45° d90 mm curry	Coude 45° d90 mm curry
CU0906GP321	Winkel 90° IG d32-1" curry Hexa 6-Kant	Elbow 90° "f" d32-1" curry Hexa	Coude 90° (filetage femelle Hexa) d32-1" curry
CU090GP2012	Winkel 90° IG d20-1/2" curry	Elbow 90° "f" d20-1/2" curry	Coude 90° (filetage femelle) d20-1/2" curry
CU090GP2512	Winkel 90° IG d25-1/2" curry	Elbow 90° "f" d25-1/2" curry	Coude 90° (filetage femelle) d25-1/2" curry
CU090GP2534	Winkel 90° IG d25-3/4" curry	Elbow 90° "f" d25-3/4" curry	Coude 90° (filetage femelle) d25-3/4" curry
CU090GP321	Winkel 90° IG d32-1" curry	Elbow 90° "f" d32-1 mm curry	Coude 90° (filetage femelle) d32-1 mm curry
CU090GP3234	Winkel 90° IG d32-3/4" curry	Elbow 90° "f" d32-3/4" curry	Coude 90° (filetage femelle) d32-3/4" curry
CU090LP25	Bogen 90° d25 mm curry	Elbow 90° d25 mm curry	Coude 90° d25 mm curry
CU090LP32	Bogen 90° d32 mm curry	Elbow 90° d32 mm curry	Coude 90° d32 mm curry
CU090P110	Winkel 90° d110 mm curry	Elbow 90° d110 mm curry	Coude 90° d110 mm curry
CU090P125	Winkel 90° d125 mm curry	Elbow 90° d125 mm curry	Coude 90° d125 mm curry
CU090P20	Winkel 90° d20 mm curry	Elbow 90° d20 mm curry	Coude 90° d20 mm curry
CU090P25	Winkel 90° d25 mm curry	Elbow 90° d25 mm curry	Coude 90° d25 mm curry
CU090P32	Winkel 90° d32 mm curry	Elbow 90° d32 mm curry	Coude 90° d32 mm curry
CU090P40	Winkel 90° d40 mm curry	Elbow 90° d40 mm curry	Coude 90° d40 mm curry
CU090P50	Winkel 90° d50 mm curry	Elbow 90° d50 mm curry	Coude 90° d50 mm curry
CU090P63	Winkel 90° d63 mm curry	Elbow 90° d63 mm curry	Coude 90° d63 mm curry
CU090P75	Winkel 90° d75 mm curry	Elbow 90° d75 mm curry	Coude 90° d75 mm curry
CU090P90	Winkel 90° d90 mm curry	Elbow 90° d90 mm curry	Coude 90° d90 mm curry
CU091P20	Winkel 90° I/A d20 mm curry	Elbow 90° m/f d20 mm curry	Coude 90° (femelle/mâle) d20 mm curry
CU091P25	Winkel 90° I/A d25 mm curry	Elbow 90° m/f d25mm curry	Coude 90° (femelle/mâle) d25mm curry
CU0926GP321	Winkel 90° AG d32-1" curry Hexa 6-Kant	Elbow 90° "m" d32-1" curry Hexa	Coude 90° (filetage mâle Hexa) d32-1" curry
CU092GP2012	Winkel 90° AG d20-1/2" curry	Elbow 90° "m" d20-1/2" curry	Coude 90° (filetage mâle) d20-1/2" curry
CU092GP2512	Winkel 90° AG d25-1/2" curry	Elbow 90° "m" d25-1/2" curry	Coude 90° (filetage mâle) d25-1/2" curry
CU092GP2534	Winkel 90° AG d25-3/4" curry	Elbow 90° "m" d25-3/4" curry	Coude 90° (filetage mâle) d25-3/4" curry
CU092GP321	Winkel 90° AG d32-1 curry	Elbow 90° "m" d32-1" curry	Coude 90° (filetage mâle) d32-1 curry
CU1306GP321	T-Stück 90° IG d32-1" curry Hexa 6-Kant	Tee 90° "f" d32-1" curry Hexa	Té 90° (filetage femelle Hexa) 90° d32-1" curry
CU130GP2012	T-Stück 90° IG d20-1/2" curry	Tee 90° "f" d20-1/2" curry	Té 90° (filetage femelle) d20-1/2" curry
CU130GP2512	T-Stück 90° IG d25-1/2" curry	Tee 90° "f" d25-1/2" curry	Té 90° (filetage femelle) d25-1/2" curry
CU130GP2534	T-Stück 90° IG d25-3/4" curry	Tee 90° "f" d25-3/4" curry	Té 90° (filetage femelle) d25-3/4" curry
CU130GP321	T-Stück 90° IG d32-1" curry	Tee 90° "f" d32-1" curry	Té 90° (filetage femelle) d32-1" curry
CU130GP3234	T-Stück 90° IG d32-3/4" curry	Tee "f" d32-3" curry	Té 90° (filetage femelle) d32-3/4" curry
CU130P110	T-Stück d110 mm curry	Tee d110 mm curry	Té d110 mm curry
CU130P11075	T-Stück red. d110-75 mm curry	Reducing tee d110-75 mm curry	Té réduit d110-75 mm curry
CU130P11090	T-Stück red. d110-90 mm curry	Reducing tee d110-90 mm curry	Té réduit d110-90 mm curry
CU130P125	T-Stück d125 mm curry	Tee d125 mm curry	Té d125 mm curry
CU130P20	T-Stück d20 mm curry	Tee d20 mm curry	Té d20 mm curry
CU130P25	T-Stück d25 mm curry	Tee d25 mm curry	Té d25 mm curry
CU130P2520	T-Stück red. d25-20 mm curry	Reducing tee d25-20 mm curry	Té réduit d25-20 mm curry
CU130P32	T-Stück d32 mm curry	Tee d32 mm curry	Té d32 mm curry
CU130P3220	T-Stück red. d32-20 mm curry	Reducing tee d32-20 mm curry	Té réduit d32-20 mm curry
CU130P3225	T-Stück red. d32-25 mm curry	Reducing tee d32-25 mm curry	Té réduit d32-25 mm curry
CU130P40	T-Stück d40 mm curry	Tee d40 mm curry	Té d40 mm curry
CU130P4020	T-Stück red. d40-20 mm curry	Reducing tee d40-20 mm curry	Té réduit d40-20 mm curry
CU130P4025	T-Stück red. d40-25 mm curry	Reducing tee d40-25 mm curry	Té réduit d40-25 mm curry
CU130P4032	T-Stück red. d40-32 mm curry	Reducing tee d40-32 mm curry	Té réduit d40-32 mm curry
CU130P50	T-Stück d50 mm curry	Tee d50 mm curry	Té d50 mm curry
CU130P5020	T-Stück red. d50-20 mm curry	Reducing tee d50-20 mm curry	Té réduit d50-20 mm curry
CU130P5025	T-Stück red. d50-25 mm curry	Reducing tee d50-25 mm curry	Té réduit d50-25 mm curry
CU130P5032	T-Stück red. d50-32 mm curry	Reducing tee d50-32 mm curry	Té réduit d50-32 mm curry
CU130P5040	T-Stück red. d50-40 mm curry	Reducing tee d50-40 mm curry	Té réduit d50-40 mm curry
CU130P63	T-Stück d63 mm curry	Tee d63 mm curry	Té d63 mm curry
CU130P6320	T-Stück red. d63-20 mm curry	Reducing tee d63-20 mm curry	Té réduit d63-20 mm curry
CU130P6325	T-Stück red. d63-25 mm curry	Reducing tee d63-25 mm curry	Té réduit d63-25 mm curry
CU130P6332	T-Stück red. d63-32 mm curry	Reducing tee d63-32 mm curry	Té réduit d63-32 mm curry
CU130P6340	T-Stück red. d63-40 mm curry	Reducing tee d63-40 mm curry	Té réduit d63-40 mm curry
CU130P6350	T-Stück red. d63-50 mm curry	Reducing tee d63-50 mm curry	Té réduit d63-50 mm curry
CU130P75	T-Stück d75 mm curry	Tee d75 mm curry	Té d75 mm curry
CU130P7525	T-Stück red. d75-25 mm curry	Reducing tee d75-25 mm curry	Té réduit d75-25 mm curry
CU130P7532	T-Stück red. d75-32 mm curry	Reducing tee d75-32 mm curry	Té réduit d75-32 mm curry
CU130P7540	T-Stück red. d75-40 mm curry	Reducing tee d75-40 mm curry	Té réduit d75-40 mm curry
CU130P7550	T-Stück red. d75-50 mm curry	Reducing tee d75-50 mm curry	Té réduit d75-50 mm curry
CU130P7563	T-Stück red. d75-63 mm curry	Reducing tee d75-63 mm curry	Té réduit d75-63 mm curry
CU130P90	T-Stück d90 mm curry	Tee d90 mm curry	Té d90 mm curry
CU130P9063	T-Stück red. d90-63 mm curry	Reducing tee d90-63 mm curry	Té réduit d90-63 mm curry
CU130P9075	T-Stück red. d90-75 mm curry	Reducing tee d90-75 mm curry	Té réduit d90-75 mm curry
CU133GP2012	T-Stück 90° AG d20-1/2 curry	Tee 90° "m" d20-1/2" curry	Té 90° (filetage mâle) d20-1/2" curry
CU133GP2034	T-Stück 90° AG d20-3/4 curry	Tee 90° "m" d20-3/4" curry	Té 90° (filetage mâle) d20-3/4" curry
CU133GP2512	T-Stück 90° AG d25-1/2 curry	Tee 90° "m" d25-1/2" curry	Té 90° (filetage mâle) d25-1/2" curry
CU133GP2534	T-Stück 90° AG d25-3/4 curry	Tee 90° "m" d25-3/4" curry	Té 90° (filetage mâle) d25-3/4" curry
CU2436GP321	Übergangs-Gewinde-Muffe AG d32-1" curry Hexa 6-Kant	Adaptor socket "m" d32-1" curry Hexa	Manchon adaptateur (filetage mâle Hexa) d32-1" curry
CU2436GP40114	Übergangs-Gewinde-Muffe AG d40-1 1/4" curry Hexa 6-Kant	Adaptor socket "m" d40-1 1/4" curry Hexa	Manchon adaptateur (filetage mâle Hexa) d40-1 1/4" curry
CU2436GP50112	Übergangs-Gewinde-Muffe AG d50-1 1/2" curry Hexa 6-Kant	Adaptor socket "m" d50-1 1/2" curry Hexa	Manchon adaptateur (filetage mâle Hexa) d50-1 1/2" curry
CU2436GP632	Übergangs-Gewinde-Muffe AG d63-2" curry Hexa 6-Kant	Adaptor socket "m" d63-2 curry Hexa	Manchon adaptateur (filetage mâle Hexa) d63-2" curry
CU2436GP75212	Übergangs-Gewinde-Muffe AG d75-2 1/2" curry Hexa 6-Kant	Adaptor socket "m" d75-2 1/2" curry Hexa	Manchon adaptateur (filetage mâle Hexa) d75-2 1/2" curry
CU243GP1104	Übergangs-Gewinde-Muffe AG d110-4 curry	Adaptor socket "m" d110-4" curry	Manchon adaptateur (filetage mâle) d110-4" curry
CU243GP2012	Übergangs-Gewinde-Muffe AG d20-1/2" curry	Adaptor socket "m" d20-1/2" curry	Manchon adaptateur (filetage mâle) d20-1/2" curry
CU243GP2034	Übergangs-Gewinde-Muffe AG d20-3/4" curry	Adaptor socket "m" d20-3/4" curry	Manchon adaptateur (filetage mâle) d20-3/4" curry
CU243GP2512	Übergangs-Gewinde-Muffe AG d25-1/2" curry	Adaptor socket "m" d25-1/2" curry	Manchon adaptateur (filetage mâle) d25-1/2" curry
CU243GP2534	Übergangs-Gewinde-Muffe AG d25-3/4 curry	Adaptor socket "m" d25-3/4" curry	Manchon adaptateur (filetage mâle) d25-3/4" curry
CU243GP321	Übergangs-Gewinde-Muffe AG d32-1 curry	Adaptor socket "m" d32-1" curry	Manchon adaptateur (filetage mâle) d32-1" curry
CU243GP3234	Übergangs-Gewinde-Muffe AG d32-3/4" curry	Adaptor socket "m" d32-3/4" curry	Manchon adaptateur (filetage mâle) d32-3/4" curry
CU243GP40114	Übergangs-Gewinde-Muffe AG d40-1 1/4" curry	Adaptor socket "m" d40-1 1/4" curry	Manchon adaptateur (filetage mâle) d40-1 1/4" curry
CU243GP50112	Übergangs-Gewinde-Muffe AG d50-1 1/2" curry	Adaptor socket "m" d50-1 1/2" curry	Manchon adaptateur (filetage mâle) d50-1 1/2" curry
CU243GP632	Übergangs-Gewinde-Muffe AG d63-2" curry	Adaptor socket "m" d63-2" curry	Manchon adaptateur (filetage mâle) d63-2" curry
CU243GP75212	Übergangs-Gewinde-Muffe AG d75-2 1/2" curry	Adaptor socket "m" d75-2 1/2" curry	Manchon adaptateur (filetage mâle) d75-2 1/2" curry
CU243GP903	Übergangs-Gewinde-Muffe AG d90-3" curry	Adaptor socket "m" d90-3" curry	Manchon adaptateur (filetage mâle) d90-3" curry
CU243P11063	Reduktion d110-63 mm curry	Reducing bush d110-63 mm curry	Réduction d110-63 mm curry
CU243P11075	Reduktion d110-75 mm curry	Reducing bush d110-75 mm curry	Réduction d110-75 mm curry
CU243P11090	Reduktion d110-90 mm curry	Reducing bush d110-90 mm curry	Réduction d110-90 mm curry
CU243P125110	Reduktion d125-110 mm curry	Reducer d125-110 mm curry	Réduction d125-110 mm curry
CU243P2520	Reduktion d25-20 mm curry	Reducing bush d25-20 mm curry	Réduction d25-20 mm curry
CU243P3220	Reduktion d32-20 mm curry	Reducing bush d32-20 mm curry	Réduction d32-20 mm curry
CU243P3225	Reduktion d32-25 mm curry	Reducing bush d32-25 mm curry	Réduction d32-25 mm curry
CU243P4020	Reduktion d40-20 mm curry	Reducing bush d40-20 mm curry	Réduction d40-20 mm curry
CU243P4025	Reduktion d40-25 mm curry	Reducing bush d40-25 mm curry	Réduction d40-25 mm curry
CU243P4032	Reduktion d40-32 mm curry	Reducing bush d40-32 mm curry	Réduction d40-32 mm curry
CU243P5020	Reduktion d50-20 mm curry	Reducing bush d50-20 mm curry	Réduction d50-20 mm curry
CU243P5025	Reduktion d50-25 mm curry	Reducing bush d50-25 mm curry	Réduction d50-25 mm curry
CU243P5032	Reduktion d50-32 mm curry	Reducing bush d50-32 mm curry	Réduction d50-32 mm curry
CU243P5040	Reduktion d50-40 mm curry	Reducing bush d50-40 mm curry	Réduction d50-40 mm curry
CU243P6320	Reduktion d63-20 mm curry	Reducing bush d63-20 mm curry	Réduction d63-20 mm curry
CU243P6325	Reduktion d63-25 mm curry	Reducing bush d63-25 mm curry	Réduction d63-25 mm curry
CU243P6332	Reduktion d63-32 mm curry	Reducing bush d63-32 mm curry	Réduction d63-32 mm curry
CU243P6340	Reduktion d63-40 mm curry	Reducing bush d63-40 mm curry	Réduction d63-40 mm curry
CU243P6350	Reduktion d63-50 mm curry	Reducing bush d63-50 mm curry	Réduction d63-50 mm curry
CU243P7550	Reduktion d75-50 mm curry	Reducing bush d75-50 mm curry	Réduction d75-50 mm curry
CU243P7563	Reduktion d75-63 mm curry	Reducing bush d75-63 mm curry	Réduction d75-63 mm curry
CU243P9063	Reduktion d90-63 mm curry	Reducing bush d90-63 mm curry	Réduction d90-63 mm curry
CU243P9075	Reduktion d90-75 mm curry	Reducing bush d90-75 mm curry	Réduction d90-75 mm curry
CU2706GP321	Übergangs-Gewinde-Muffe IG d32-1" curry Hexa 6-Kant	Adaptor socket "f" d32-1" curry Hexa	Manchon adaptateur (filetage femelle Hexa) d32-1" curry
CU2706GP40114	Übergangs-Gewinde-Muffe IG d40-1 1/4" curry Hexa 6-Kant	Adaptor socket "f" d40-1 1/4" curry Hexa	Manchon adaptateur (filetage femelle Hexa) d40-1 1/4" curry
CU2706GP50112	Übergangs-Gewinde-Muffe IG d50-1 1/2" curry Hexa 6-Kant	Adaptor socket "f" d50-1 1/2" curry Hexa	Manchon adaptateur (filetage femelle Hexa) d50-1 1/2" curry
CU2706GP632	Übergangs-Gewinde-Muffe IG d63-2" curry Hexa 6-Kant	Adaptor socket "f" d63-2 curry Hexa	Manchon adaptateur (filetage femelle Hexa) d63-2" curry
CU2706GP75212	Übergangs-Gewinde-Muffe IG d75-2 1/2" curry Hexa 6-Kant	Adaptor socket "f" d75-2 1/2" curry Hexa	Manchon adaptateur (filetage femelle Hexa) d75-2 1/2" curry
CU270GP1104	Übergangs-Gewinde-Muffe IG d110-4" curry	Adaptor socket "f" d110-4" curry	Manchon adaptateur (filetage femelle) d110-4" curry
CU270GP2012	Übergangs-Gewinde-Muffe IG d20-1/2" curry	Adaptor socket "f" d20-1/2" curry	Manchon adaptateur (filetage femelle) d20-1/2" curry
CU270GP2512	Übergangs-Gewinde-Muffe IG d25-1/2" curry	Adaptor socket "f" d25-1/2" curry	Manchon adaptateur (filetage femelle) d25-1/2" curry
CU270GP2534	Übergangs-Gewinde-Muffe IG d25-3/4 curry	Adaptor socket "f" d25-3/4" curry	Manchon adaptateur (filetage femelle) d25-3/4" curry
CU270GP321	Übergangs-Gewinde-Muffe IG d32-1" curry	Adaptor socket "f" d32-1" curry	Manchon adaptateur (filetage femelle) d32-1" curry
CU270GP3234	Übergangs-Gewinde-Muffe IG d32-3/4" curry	Adaptor socket "f" d32-3/4" curry	Manchon adaptateur (filetage femelle) d32-3/4" curry
CU270GP40114	Übergangs-Gewinde-Muffe IG d40-1 1/4" curry	Adaptor socket "f" d40-1 1/4" curry	Manchon adaptateur (filetage femelle) d40-1 1/4" curry
CU270GP50112	Übergangs-Gewinde-Muffe IG d50-1 1/2" curry	Adaptor socket "f" d50-1 1/2" curry	Manchon adaptateur (filetage femelle) d50-1 1/2" curry
CU270GP632	Übergangs-Gewinde-Muffe IG d63-2" curry	Adaptor socket "f" d63-2" curry	Manchon adaptateur (filetage femelle) d63-2" curry
CU270GP75212	Übergangs-Gewinde-Muffe IG d75-2 1/2" curry	Adaptor socket "f" d75-2 1/2" curry	Manchon adaptateur (filetage femelle) d75-2 1/2" curry
CU270GP903	Übergangs-Gewinde-Muffe IG d90-3" curry	Adaptor socket "f" d90-3" curry	Manchon adaptateur (filetage femelle) d90-3" curry
CU270P110	Muffe d110 mm curry	Socket d110 mm curry	Manchon d110 mm curry
CU270P125	Muffe d125 mm	Socket d125 mm curry	Manchon d125 mm curry
CU270P20	Muffe d20 mm curry	Socket d20 mm curry	Manchon d20 mm curry
CU270P25	Muffe d25 mm curry	Socket d25 mm curry	Manchon d25 mm curry
CU270P32	Muffe d32 mm curry	Socket d32 mm curry	Manchon d32 mm curry
CU270P40	Muffe d40 mm curry	Socket d40 mm curry	Manchon d40 mm curry
CU270P50	Muffe d50 mm curry	Socket d50 mm curry	Manchon d50 mm curry
CU270P63	Muffe d63 mm curry	Socket d63 mm curry	Manchon d63 mm curry
CU270P75	Muffe d75 mm curry	Socket d75 mm curry	Manchon d75 mm curry
CU270P90	Muffe d90 mm curry	Socket d90 mm curry	Manchon d90 mm curry
CU287P20	Überspringbogen d20 mm curry	Cross over d20 mm curry	Raccord transversal d20 mm curry
CU287P25	Überspringbogen d25 mm curry	Cross over d25 mm curry	Raccord transversal d25 mm curry
CU287P32	Überspringbogen d32 mm curry	Cross over d32 mm curry	Raccord transversal d32 mm curry
CU301P110	Kappe d110 mm curry	Cap d110 mm curry	Bouchon d110 mm curry
CU301P20	Kappe d20 mm curry	Cap d20 mm curry	Bouchon d20 mm curry
CU301P25	Kappe d25 mm curry	Cap d25 mm curry	Bouchon d25 mm curry
CU301P32	Kappe d32 mm curry	Cap d32 mm curry	Bouchon d32 mm curry
CU301P40	Kappe d40 mm curry	Cap d40 mm curry	Bouchon d40 mm curry
CU301P50	Kappe d50 mm curry	Cap d50 mm curry	Bouchon d50 mm curry
CU301P63	Kappe d63 mm curry	Cap d63 mm curry	Bouchon d63 mm curry
CU301P75	Kappe d75 mm curry	Cap d75 mm curry	Bouchon d75 mm curry
CU301P90	Kappe d90 mm curry	Cap d90 mm curry	Bouchon d90 mm curry
CU330AP20	Verschraubung d20 mm PP curry	Union d20 mm PP curry	Raccord union d20 mm PP curry
CU330AP25	Verschraubung d25 mm PP curry	Union d25 mm PP curry	Raccord union d25 mm PP curry
CU330AP32	Verschraubung d32 mm PP curry	Union d32 mm PP curry	Raccord union d32 mm PP curry
CU472GP2012	Wandscheibe 90° IG d20-1/2 curry	Wall bracket 90° "f" d20-1/2" curry	Coude/Support mural 90° (filetage femelle) d20-1/2" curry
CU472GP2512	Wandscheibe 90° IG d25-1/2 curry	Wall bracket 90° "f" d25-1/2" curry	Coude/Support mural 90° (filetage femelle) d25-1/2" curry
CU472GP2534	Winkel/Wandscheibe 90° IG d25-3/4 curry	Wall bracket 90° "f" d25-3/4" curry	Coude/Support mural 90° (filetage femelle) d25-3/4" curry
CU472GP3234	Winkel/Wandscheibe 90° IG d32-3/4 curry	Wall bracket 90° "f" d32-3/4" curry	Coude/Support mural 90° (filetage femelle) d32-3/4" curry
CU490GP2012	Montageeinheit PP-R IG d20-1/2 curry	Wall plate PP-R "f" d20-1/2" curry	Applique murale PP-R (filetage femelle) d20-1/2" curry
CU490GP2512	Montageeinheit PP-R IG d25-1/2 curry	Wall plate PP-R "f" d25-1/2" curry	Applique murale PP-R (filetage femelle) d25-1/2" curry
CU532P20	Metallverschr. m. PP-R ELT IG d20 mm unvern. curry	Metal union (CW617N) with PP-R socket "f" d20 mm curry	Raccord union métal (CW617N) avec emboîture PP-R (filetage femelle) d20 mm curry
CU532P25	Metallverschr. m. PP-R ELT IG d25 mm unvern. curry	Metal union (CW617N) with PP-R socket "f" d25 mm curry	Raccord union métal (CW617N) avec emboîture PP-R (filetage femelle) d25 mm curry
CU532P32	Metallverschr. m. PP-R ELT IG d32 mm unvern. curry	Metal union (CW617N) with PP-R socket "f" d32 mm curry	Raccord union métal (CW617N) avec emboîture PP-R (filetage femelle) d32 mm curry
CU532P40	Metallverschr. m. PP-R ELT IG d40 mm unvern. curry	Metal union (CW617N) with PP-R socket "f" d40 mm curry	Raccord union métal (CW617N) avec emboîture PP-R (filetage femelle) d40 mm curry
CU532P50	Metallverschr. m. PP-R ELT IG d50 mm unvern. curry	Metal union (CW617N) with PP-R socket "f" d50 mm curry	Raccord union métal (CW617N) avec emboîture PP-R (filetage femelle) d50 mm ncurry
CU532P63	Metallverschr. m. PP-R ELT IG d63 mm unvern. curry	Metal union (CW617N) with PP-R socket "f" d63 mm curry	Raccord union métal (CW617N) avec emboîture PP-R (filetage femelle) d63 mm curry
CU537P20	Metallverschr. m. PP-R ELT AG d20 mm unvern. curry	Metal union (CW617N) with PP-R socket "m" d20 mm curry	Raccord union métal (CW617N) avec emboîture PP-R (filetage mâle) d20 mm curry
CU537P25	Metallverschr. m. PP-R ELT AG d25 mm unvern. curry	Metal union (CW617N) with PP-R socket "m" d25 mm curry	Raccord union métal (CW617N) avec emboîture PP-R (filetage mâle) d25 mm curry
CU537P32	Metallverschr. m. PP-R ELT AG d32 mm unvern. curry	Metal union (CW617N) with PP-R socket "m" d32 mm curry	Raccord union métal (CW617N) avec emboîture PP-R (filetage mâle) d32 mm curry
CU537P40	Metallverschr. m. PP-R ELT AG d40 mm unvern. curry	Metal union (CW617N) with PP-R socket "m" d40 mm curry	Raccord union métal (CW617N) avec emboîture PP-R (filetage mâle) d40 mm curry
CU537P50	Metallverschr. m. PP-R ELT AG d50 mm unvern. curry	Metal union (CW617N) with PP-R socket "m" d50 mm curry	Raccord union métal (CW617N) avec emboîture PP-R (filetage mâle) d50 mm ncurry
CU537P63	Metallverschr. m. PP-R ELT AG d63 mm unvern. curry	Metal union (CW617N) with PP-R socket "m" d63 mm curry	Raccord union métal (CW617N) avec emboîture PP-R (filetage mâle) d63 mm curry
CU593P11	Reparaturstopfen d11 mm curry	Repair plug d11 mm curry	Bouchon de réparation d11 mm curry
CU593P7	Reparaturstopfen d7 mm curry	Repair plug d7 mm curry	Bouchon de réparation d7 mm curry
CU599AP2034	Ventil-Unterteil IG d20-3/4" curry	Tee 90° "f" for internal valve d20-3/4" curry	Té 90° (filetage femelle) pour vanne encastrée d20-3/4" curry
CU599AP2534	Ventil-Unterteil IG d25-3/4" curry	Tee 90° "f" for internal valve d25-3/4" curry	Té 90° (filetage femelle) pour vanne encastrée d25-3/4" curry
CU599AP3234	Ventil-Unterteil IG d32-3/4 curry	Tee 90° "f" for internal valve d32-3/4" curry	Té 90° (filetage femelle) pour vanne encastrée d32-3/4" curry
CU790P110	Bundbuchse d110 mm curry	Flange adaptor d110 mm curry	Raccord à bride d110 mm curry
CU790P63	Bundbuchse d63 mm curry	Flange adaptor d63 mm curry	Collet à bride d63 mm curry
CU790P75	Bundbuchse d75 mm curry	Flange adaptor d75 mm curry	Raccord à bride d75 mm curry
CU790P90	Bundbuchse d90 mm curry	Flange adaptor d90 mm curry	Raccord à bride d90 mm curry
MO045P20	Winkel 45° d20 mm  Mocca	Elbow 45° d20 mm  Mocca	Coude 45° d20 mm Mocca
MO045P25	Winkel 45° d25 mm  Mocca	Elbow 45° d25 mm Mocca	Coude 45° d25 mm Mocca
MO045P32	Winkel 45° d32 mm  Mocca	Elbow 45° d32 mm  Mocca	Coude 45° d32 mm Mocca
MO045P40	Winkel 45° d40 mm  Mocca	Elbow 45° d40 mm  Mocca	Coude 45° d20 mm d40 mm Mocca
MO045P50	Winkel 45° d50 mm  Mocca	Elbow 45° d50 mm  Mocca	Coude 45° d20 mm d50 mm Mocca
MO045P63	Winkel 45° d63 mm  Mocca	Elbow 45° d63 mm  Mocca	Coude 45° d20 mm d63 mm Mocca
MO0906GP321	Winkel 90° IG d32-1" Mocca Hexa 6-Kant	Elbow 90° "f" d32-1" Mocca Hexa	Coude 90° (filetage femelle Hexa) d32-1" Mocca
MO090GP2012	Winkel 90° IG d20-1/2" Mocca	Elbow 90° "f" d20-1/2"  Mocca	Coude 90° (filetage femelle) d20-1/2" Mocca
MO090GP2512	Winkel 90° IG d25-1/2" Mocca	Elbow 90° "f" d25-1/2" Mocca	Coude 90° (filetage femelle) d25-1/2" Mocca
MO090GP2534	Winkel 90° IG d25-3/4 Mocca	Elbow 90° "f" d25-3/4" Mocca	Coude 90° (filetage femelle) d25-3/4" Mocca
MO090GP321	Winkel 90° IG d32-1 Mocca	Elbow 90° "f" d32-1" mm  Mocca	Coude 90° (filetage femelle) d32-1" mm Mocca
MO090GP3234	Winkel 90° IG d32-3/4" Mocca	Elbow 90° "f" d32-3/4" Mocca	Coude 90° (filetage femelle) 90° d32-3/4" Mocca
MO090LP32	Bogen 90° d32 mm Mocca	Elbow 90° d32 mm Mocca	Coude 90° d32 mm Mocca
MO090P20	Winkel 90° d20 mm  Mocca	Elbow 90° d20 mm  Mocca	Coude 90° d20 mm Mocca
MO090P25	Winkel 90° d25 mm  Mocca	Elbow 90° d25 mm  Mocca	Coude 90° d25 mm Mocca
MO090P32	Winkel 90° d32 mm  Mocca	Elbow 90° d32 mm  Mocca	Coude 90° d32 mm Mocca
MO090P40	Winkel 90° d40 mm  Mocca	Elbow 90° d40 mm  Mocca	Coude 90° d40 mm Mocca
MO090P50	Winkel 90° d50 mm  Mocca	Elbow 90° d50 mm  Mocca	Coude 90° d50 mm Mocca
MO090P63	Winkel 90° d63 mm  Mocca	Elbow 90° d63 mm  Mocca	Coude 90° d63 mm Mocca
MO0926GP321	Winkel 90° AG d32-1" Mocca Hexa 6-Kant	Elbow 90° "m" d32-1" Mocca Hexa	Coude 90° (filetage mâle Hexa) 90° (filetage mâle) d32-1" Mocca
MO092GP2012	Winkel 90° AG d20-1/2" Mocca	Elbow 90° "m" d20-1/2" Mocca	Coude 90° (filetage mâle) d20-1/2" Mocca
MO092GP2512	Winkel 90° AG d25-1/2" Mocca	Elbow 90° "m" d25-1/2" Mocca	Coude 90° (filetage mâle) d25-1/2" Mocca
MO092GP2534	Winkel 90° AG d25-3/4" Mocca	Elbow 90° "m" d25-3/4" Mocca	Coude 90° (filetage mâle) d25-3/4" Mocca
MO092GP321	Winkel 90° AG d32-1 Mocca	Elbow 90° "m" d32-1" Mocca	Coude 90° (filetage mâle) d32-1" Mocca
MO1306GP321	T-Stück 90° IG d32-1 Mocca Hexa 6-Kant	Tee 90° "f" d32-1" Mocca Hexa	Té 90° (filetage femelle Hexa) 90° d32-1" Mocca
MO130GP2012	T-Stück 90° IG d20-1/2 Mocca	Tee 90° "f" d20-1/2" Mocca	Té 90° (filetage femelle) d20-1/2" Mocca
MO130GP2512	T-Stück 90° IG d25-1/2 Mocca	Tee 90° "f" d25-1/2" Mocca	Té 90° (filetage femelle) d25-1/2" Mocca
MO130GP2534	T-Stück 90° IG d25-3/4 Mocca	Tee 90° "f" d25-3/4" Mocca	Té 90° (filetage femelle) d25-3/4" Mocca
MO130GP321	T-Stück 90° IG d32-1 Mocca	Tee 90° "f" d32-1" Mocca	Té 90° (filetage femelle) d32-1" Mocca
MO130GP3234	T-Stück 90° IG d32-3/4 Mocca	Tee "f" d32-3" Mocca	Té 90° (filetage femelle) d32-3/4" Mocca
MO130P20	T-Stück d20 mm Mocca	Tee d20 mm Mocca	Té d20 mm Mocca
MO130P25	T-Stück d25 mm Mocca	Tee d25 mm Mocca	Té d25 mm Mocca
MO130P32	T-Stück d32 mm Mocca	Tee d32 mm Mocca	Té d32 mm Mocca
MO130P3225	T-Stück red. d32-25 mm Mocca	Reducing tee d32-25 mm Mocca	Té réduit d32-25 mm Mocca
MO130P40	T-Stück d40 mm Mocca	Tee d40 mm Mocca	Té d40 mm Mocca
MO130P50	T-Stück d50 mm Mocca	Tee d50 mm Mocca	Té d50 mm Mocca
MO130P63	T-Stück d63 mm Mocca	Tee d63 mm Mocca	Té d63 mm Mocca
MO2436GP321	Übergangs-Gewinde-Muffe AG d32-1" Mocca Hexa 6-Kant	Adaptor socket "m" d32-1" Mocca Hexa	Manchon adaptateur (filetage mâle Hexa) d32-1" Mocca
MO2436GP40114	Übergangs-Gewinde-Muffe AG d40-1 1/4" Mocca Hexa 6-Kant	Adaptor socket "m" d40-1 1/4" Mocca Hexa	Manchon adaptateur (filetage mâle Hexa) d40-1 1/4" Mocca
MO2436GP50112	Übergangs-Gewinde-Muffe AG d50-1 1/2" Mocca Hexa 6-Kant	Adaptor socket "m" d50-1 1/2" Mocca Hexa	Manchon adaptateur (filetage mâle Hexa) d50-1 1/2" Mocca
MO2436GP632	Übergangs-Gewinde-Muffe AG d63-2" Mocca Hexa 6-Kant	Adaptor socket "m" d63-2" Mocca Hexa	Manchon adaptateur (filetage mâle Hexa) d63-2" Mocca
MO243GP2012	Übergangs-Gewinde-Muffe AG d20-1/2" Mocca	Adaptor socket "m" d20-1/2" Mocca	Manchon adaptateur (filetage mâle) d20-1/2" Mocca
MO243GP2512	Übergangs-Gewinde-Muffe AG d25-1/2" Mocca	Adaptor socket "m" d25-1/2" Mocca	Manchon adaptateur (filetage mâle) d25-1/2" Mocca
MO243GP2534	Übergangs-Gewinde-Muffe AG d25-3/4" Mocca	Adaptor socket "m" d25-3/4" Mocca	Manchon adaptateur (filetage mâle) d25-3/4" Mocca
MO243GP321	Übergangs-Gewinde-Muffe AG d32-1 Mocca	Adaptor socket "m" d32-1" Mocca	Manchon adaptateur (filetage mâle) d32-1" Mocca
MO243GP40114	Übergangs-Gewinde-Muffe AG d40-1 1/4 Mocca	Adaptor socket "m" d40-1 1/4" Mocca	Manchon adaptateur (filetage mâle) d40-1 1/4" Mocca
MO243GP50112	Übergangs-Gewinde-Muffe AG d50-1 1/2 Mocca	Adaptor socket "m" d50-1 1/2" Mocca	Manchon adaptateur (filetage mâle) d50-1 1/2" Mocca
MO243GP632	Übergangs-Gewinde-Muffe AG d63-2 Mocca	Adaptor socket "m" d63-2" mm Mocca	Manchon adaptateur (filetage mâle) d63-2" mm Mocca
MO243P2520	Reduktion d25-20 mm Mocca	Reducing bush d25-20 mm Mocca	Réduction d25-20 mm Mocca
MO243P3220	Reduktion d32-20 mm Mocca	Reducing bush d32-20 mm Mocca	Réduction d32-20 mm Mocca
MO243P3225	Reduktion d32-25 mm Mocca	Reducing bush d32-25 mm Mocca	Réduction d32-25 mm Mocca
MO243P4020	Reduktion d40-20 mm Mocca	Reducing bush d40-20 mm Mocca	Réduction d40-20 mm Mocca
MO243P4025	Reduktion d40-25 mm Mocca	Reducing bush d40-25 mm Mocca	Réduction d40-25 mm Mocca
MO243P4032	Reduktion d40-32 mm Mocca	Reducing bush d40-32 mm Mocca	Réduction d40-32 mm Mocca
MO243P5032	Reduktion d50-32 mm Mocca	Reducing bush d50-32 mm Mocca	Réduction d50-32 mm Mocca
MO243P5040	Reduktion d50-40 mm Mocca	Reducing bush d50-40 mm Mocca	Réduction d50-40 mm Mocca
MO243P6332	Reduktion d63-32 mm Mocca	Reducing bush d63-32 mm Mocca	Réduction d63-32 mm Mocca
MO243P6340	Reduktion d63-40 mm Mocca	Reducing bush d63-40 mm Mocca	Réduction d63-40 mm Mocca
MO243P6350	Reduktion d63-50 mm Mocca	Reducing bush d63-50 mm Mocca	Réduction d63-50 mm Mocca
MO2706GP321	Übergangs-Gewinde-Muffe IG d32-1" Mocca Hexa 6-Kant	Adaptor socket "f" d32-1" Mocca Hexa	Manchon adaptateur (filetage femelle Hexa) d32-1" Mocca
MO2706GP40114	Übergangs-Gewinde-Muffe IG d40-1 1/4" Mocca nickel Hexa 6-Kant	Adaptor socket "f" d40-1 1/4" Mocca Hexa	Manchon adaptateur (filetage femelle Hexa) d40-1 1/4 Mocca
MO2706GP50112	Übergangs-Gewinde-Muffe IG d50-1 1/2" Mocca nickel Hexa 6-Kant	Adaptor socket "f" d50-1 1/2" Mocca Hexa	Manchon adaptateur (filetage femelle Hexa) d50-1 1/2" Mocca
MO2706GP632	Übergangs-Gewinde-Muffe IG d63-2" Mocca nickel plat Hexa 6-Kant	Adaptor socket "f" d63-2 Mocca Hexa	Manchon adaptateur (filetage femelle Hexa) d63-2 Mocca
MO2706GP75212	Übergangs-Gewinde-Muffe IG d75-2 1/2" Mocca nickel Hexa 6-Kant	Adaptor socket "f" d75-2 1/2" Mocca Hexa	Manchon adaptateur (filetage femelle Hexa) d75-2 1/2" Mocca
MO270GP2012	Übergangs-Gewinde-Muffe IG d20-1/2" Mocca	Adaptor socket "f" d20-1/2"  Mocca	Manchon adaptateur (filetage femelle) d20-1/2" Mocca
MO270GP2512	Übergangs-Gewinde-Muffe IG d25-1/2" Mocca	Adaptor socket "f" d25-1/2" Mocca	Manchon adaptateur (filetage femelle) d25-1/2" Mocca
MO270GP2534	Übergangs-Gewinde-Muffe IG d25-3/4 Mocca	Adaptor socket "f" d25-3/4" Mocca	Manchon adaptateur (filetage femelle) d25-3/4" Mocca
MO270GP321	Übergangs-Gewinde-Muffe IG d32-1 Mocca	Adaptor socket "f" d32-1" Mocca	Manchon adaptateur (filetage femelle) d32-1" Mocca
MO270GP3234	Übergangs-Gewinde-Muffe IG d32-3/4" Mocca	Adaptor socket "f" d32-3/4" Mocca	Manchon adaptateur (filetage femelle) d32-3/4" Mocca
MO270GP40114	Übergangs-Gewinde-Muffe IG d40-1 1/4 Mocca nickel	Adaptor socket "f" d40-1 1/4" Mocca	Manchon adaptateur (filetage femelle) d40-1 1/4" Mocca
MO270GP50112	Übergangs-Gewinde-Muffe IG d50-1 1/2 Mocca nickel	Adaptor socket "f" d50-1 1/2" Mocca	Manchon adaptateur (filetage femelle) d50-1 1/2" Mocca
MO270GP632	Übergangs-Gewinde-Muffe IG d63-2 Mocca nickel plat	Adaptor socket "f" d63-2" Mocca	Manchon adaptateur (filetage femelle) d63-2" Mocca
MO270GP75212	Übergangs-Gewinde-Muffe IG d75-2 1/2 Mocca nickel	Adaptor socket "f" d75-2 1/2" Mocca	Manchon adaptateur (filetage femelle) d75-2 1/2" Mocca
MO270P20	Muffe d20 mm  Mocca	Socket d20 mm  Mocca	Manchon d20 mm Mocca
MO270P25	Muffe d25 mm  Mocca	Socket d25 mm  Mocca	Manchon d25 mm Mocca
MO270P32	Muffe d32 mm  Mocca	Socket d32 mm  Mocca	Manchon d32 mm Mocca
MO270P40	Muffe d40 mm  Mocca	Socket d40 mm  Mocca	Manchon d40 mm Mocca
MO270P50	Muffe d50 mm  Mocca	Socket d50 mm  Mocca	Manchon d50 mm Mocca
MO270P63	Muffe d63 mm  Mocca	Socket d63 mm  Mocca	Manchon d63 mm Mocca
MO287P20	Überspringbogen d20 mm Mocca	Cross over d20 mm Mocca	Raccord transversal d20 mm Mocca
MO287P25	Überspringbogen d25 mm Mocca	Cross over d25 mm Mocca	Raccord transversal d25 mm Mocca
MO287P32	Überspringbogen d32 mm Mocca	Cross over d32 mm Mocca	Raccord transversal d32 mm Mocca
MO301P20	Kappe d20 mm Mocca	Cap d20 mm Mocca	Bouchon d20 mm Mocca
MO301P25	Kappe d25 mm Mocca	Cap d25 mm Mocca	Bouchon d25 mm Mocca
MO301P32	Kappe d32 mm Mocca	Cap d32 mm Mocca	Bouchon d32 mm Mocca
MO301P40	Kappe d40 mm Mocca	Cap d40 mm Mocca	Bouchon d40 mm Mocca
MO301P50	Kappe d50 mm Mocca	Cap d50 mm Mocca	Bouchon d50 mm Mocca
MO301P63	Kappe d63 mm Mocca	Cap d63 mm Mocca	Bouchon d63 mm Mocca
MO330AP25	Verschraubung d25 mm PP Mocca	Union d25 mm PP Mocca	Raccord union d25 mm PP Mocca
MO330AP32	Verschraubung d32 mm PP Mocca	Union d32 mm PP Mocca	Raccord union d32 mm PP Mocca
MO490GP2512	Montageeinheit PP-R IG d25-1/2 Mocca	Wall plate PP-R "f" d25-1/2" Mocca	Applique murale PP-R (filetage femelle) d25-1/2" Mocca
MO492GP2512	Montagegruppe PP-R IG d25-1/2 Mocca	Double wall plate PP-R "f" d25-1/2" Mocca	Double applique murale PP-R (filetage femelle) d25-1/2" Mocca
MO532P25	Metallverschraubung mit PP-R ELT IG d25 mm unvern.	Metal union (CW617N) with PP-R socket "f" d25 mm Mocca	Raccord union métal (CW617N) avec emboîture PP-R (filetage femelle) d25 mm Mocca
MO532P32	Metallverschraubung mit PP-R ELT IG d32 mm unvern.	Metal union (CW617N) with PP-R socket "f" d32 mm Mocca	Raccord union métal (CW617N) avec emboîture PP-R (filetage femelle) d32 mm Mocca
MO532P40	Metallverschraubung mit PP-R ELT IG d40 mm unvern.	Metal union (CW617N) with PP-R socket "f" d40 mm Mocca	Raccord union métal (CW617N) avec emboîture PP-R (filetage femelle) d40 mm Mocca
MO537P25	Metallverschraubung mit PP-R ELT AG d25 mm unvern.	Metal union (CW617N) with PP-R socket "m" d25 mm Mocca	Raccord union métal (CW617N) avec emboîture PP-R (filetage mâle) d25 mm Mocca
MO537P32	Metallverschraubung mit PP-R ELT AG d32 mm unvern.	Metal union (CW617N) with PP-R socket "m" d32 mm Mocca	Raccord union métal (CW617N) avec emboîture PP-R (filetage mâle) d32 mm Mocca
MO537P40	Metallverschraubung mit PP-R ELT AG d40 mm unvern.	Metal union (CW617N) with PP-R socket "m" d40 mm Mocca	Raccord union métal (CW617N) avec emboîture PP-R (filetage mâle) d40 mm Mocca
MO599AP2534	Ventil-Unterteil IG d25-3/4" Mocca	Tee 90° "f" for internal valve d25-3/4" Mocca	Té 90° (filetage femelle) pour vanne encastrée d25-3/4" Mocca
MO599AP3234	Ventil-Unterteil IG d32-3/4 Mocca	Tee 90° "f" for internal valve d32-3/4" Mocca	Té 90° (filetage femelle) pour vanne encastrée d32-3/4" Mocca
MO854P25	Internal Valve full return 25 mm Mocca	Internal Valve full return 25 mm Mocca	Vanne interne à retour complet 25 mm Mocca
UV045P20	Winkel 45° d20 mm schwarz	Elbow 45° d20 mm black	Coude 45° d20 mm noir
UV045P25	Winkel 45° d25 mm schwarz	Elbow 45° d25 mm black	Coude 45° d25 mm noir
UV045P32	Winkel 45° d32 mm schwarz	Elbow 45° d32 mm black	Coude 45° d32 mm noir
UV045P40	Winkel 45° d40 mm schwarz	Elbow 45° d40 mm black	Coude 45° d40 mm noir
UV045P50	Winkel 45° d50 mm schwarz	Elbow 45° d50 mm black	Coude 45° d50 mm noir
UV045P63	Winkel 45° d63 mm schwarz	Elbow 45° d63 mm black	Coude 45° d63 mm noir
UV0906GP321	Winkel 90° IG d32-1 Hexa 6-Kant schwarz	Elbow 90° "f" d32-1" black Hexa	Coude 90° (filetage femelle Hexa) d32-1" noir
UV090GP2012	Winkel 90° IG d20-1/2" schwarz"	Elbow 90° "f" d20-1/2" black	Coude 90° (filetage femelle) d20-1/2" noir
UV090GP2512	Winkel 90° IG d25-1/2" schwarz"	Elbow 90° "f" d25-1/2" black	Coude 90° (filetage femelle) d25-1/2" noir
UV090GP2534	Winkel 90° IG d25-3/4 schwarz	Elbow 90° "f" d25-3/4" black	Coude 90° (filetage femelle) d25-3/4" noir
UV090GP321	Winkel 90° IG d32-1 schwarz	Elbow 90° "f" d32-1" black	Coude 90° (filetage femelle) d32-1" noir
UV090P20	Winkel 90° d20 mm schwarz	Elbow 90° d20 mm black	Coude 90° d20 mm noir
UV090P25	Winkel 90° d25 mm schwarz	Elbow 90° d25 mm black	Coude 90° d25 mm noir
UV090P32	Winkel 90° d32 mm schwarz	Elbow 90° d32 mm black	Coude 90° d32 mm noir
UV090P40	Winkel 90° d40 mm schwarz	Elbow 90° d40 mm black	Coude 90° d40 mm noir
UV090P50	Winkel 90° d50 mm schwarz	Elbow 90° d50 mm black	Coude 90° d50 mm noir
UV090P63	Winkel 90° d63 mm schwarz	Elbow 90° d63 mm black	Coude 90° d63 mm noir
UV0926GP321	Winkel 90° AG d32-1 Hexa 6-Kant schwarz	Elbow 90° "m" d32-1" black Hexa	Coude 90° (filetage mâle Hexa) 90° (filetage mâle) d32-1" noir
UV092GP2534	Winkel 90° AG d25-3/4" schwarz"	Elbow 90° "m" d25-3/4" black	Coude 90° (filetage mâle) d25-3/4" noir
UV092GP321	Winkel 90° AG d32-1 schwarz	Elbow 90° "m" d32-1" black	Coude 90° (filetage mâle) d32-1" noir
UV1306GP321	T-Stück 90° IG d32-1 schwarz Hexa 6-Kant schwarz	Tee "f" d32-1" Hexa black	Té (filetage femelle) d32-1" Hexa noir
UV130GP2012	T-Stück 90° IG d20-1/2 schwarz"	Tee 90° "f" d20-1/2" black	Té 90° (filetage femelle) d20-1/2" noir
UV130GP2512	T-Stück 90° IG d25-1/2 schwarz"	Tee 90° "f" d25-1/2" black	Té 90° (filetage femelle) d25-1/2" noir
UV130GP2534	T-Stück 90° IG d25-3/4 schwarz	Tee "f" d25-3" black	Té (filetage femelle) d25-3" noir
UV130GP3234	T-Stück 90° IG d32-3/4 schwarz"	Tee "f" d32-3/4" black	Té 90° (filetage femelle) d32-3/4" noir
UV130P20	T-Stück d20 mm schwarz	Tee d20 mm black	Té d20 mm noir
UV130P25	T-Stück d25 mm schwarz	Tee d25 mm black	Té d25 mm noir
UV130P2520	T-Stück red. d25-20 mm schwarz	Reducing tee d25-20 mm black	Té réduit d25-20 mm noir
UV130P32	T-Stück d32 mm schwarz	Tee d32 mm black	Té d32 mm noir
UV130P3220	T-Stück red. d32-20 mm schwarz	Reducing tee d32-20 mm black	Té réduit d32-20 mm noir
UV130P40	T-Stück d40 mm schwaz	Tee d40 mm balck	Té d40 mm noir
UV130P50	T-Stück d50 mm schwarz	Tee d50 mm black	Té d50 mm noir
UV130P5040	T-Stück red. d50-40 mm schwarz	Reducing tee d50-40 mm black	Té réduit d50-40 mm noir
UV130P63	T-Stück d63 mm schwarz	Tee d63 mm black	Té d63 mm noir
UV180P25	Kreuz d25 mm schwarz	Cross d25 mm black	Croix d25 mm noir
UV180P32	Kreuz d32 mm schwarz	Cross d32 mm black	Croix d32 mm noir
UV2436GP321	Übergangs-Gewinde-Muffe AG d32-1" schwarz Hexa 6-Kant	Adaptor socket "m" d32-1" black Hexa	Manchon adaptateur (filetage mâle Hexa) d32-1" noir
UV2436GP40114	Übergangs-Gewinde-Muffe AG d40-11/4 Hexa 6-Kant schwarz	Adaptor socket "m" d40-1 1/4" black Hexa	Manchon adaptateur (filetage mâle Hexa) d40-1 1/4" noir
UV2436GP50112	Übergangs-Gewinde-Muffe AG d50-11/2 Hexa 6-Kant schwarz	Adaptor socket "m" d50-11" Hexa black	Manchon adaptateur (filetage mâle) d50-11" Hexa noir
UV2436GP632	Übergangs-Gewinde-Muffe AG d63-2 Hexa 6-Kant schwarz	Adaptor socket "m" d63-2" Hexa black	Manchon adaptateur (filetage mâle) d63-2" Hexa noir
UV2436MGP321	Übergangs-Gewinde-Muffe AG "I/A" d32-1 Hexa 6-Kant schwarz	Adaptor socket "m" d32-1" Hexa black	Manchon adaptateur (filetage mâle) d32-1" Hexa noir
UV243GP2012	Übergangs-Gewinde-Muffe AG d20-1/2" schwarz"	Adaptor socket "m" d20-1/2" black	Manchon adaptateur (filetage mâle) d20-1/2" noir
UV243GP2512	Übergangs-Gewinde-Muffe AG d25-1/2" schwarz"	Adaptor socket "m" d25-1/2" black	Manchon adaptateur (filetage mâle) d25-1/2" noir
UV243GP2534	Übergangs-Gewinde-Muffe AG d25-3/4 schwarz	Adaptor socket "m" d25-3/4" black	Manchon adaptateur (filetage mâle) d25-3/4" noir
UV243GP321	Übergangs-Gewinde-Muffe AG d32-1 schwarz	Adaptor socket "m" d32-1" black	Manchon adaptateur (filetage mâle) d32-1" noir
UV243GP3234	Übergangs-Gewinde-Muffe AG d32-3/4" schwarz"	Adaptor socket "m" d32-3/4" black	Manchon adaptateur (filetage mâle) d32-3/4" noir
UV243GP40114	Übergangs-Gewinde-Muffe AG d40-1 1/4 schwarz	Adaptor socket "m" d40-1 1/4" black	Manchon adaptateur (filetage mâle) d40-1 1/4" noir
UV243GP632	Übergangs-Gewinde-Muffe AG d63-2 schwarz#	Adaptor socket "m" d63-2" black	Manchon adaptateur (filetage mâle) d63-2" noir
UV243MGP2512	Übergangs-Gewinde-Muffe AG "I/A "d25-1/2 schwarz	Adaptor socket "m" d25-1/2" black	Manchon adaptateur (filetage mâle) d25-1/2" noir
UV243MGP2534	Übergangs-Gewinde-Muffe AG "I/A" d25-3/4 schwarz	Adaptor socket "m" d25-3/4" black	Manchon adaptateur (filetage mâle) d25-3/4" noir
UV243P2520	Reduktion d25-20 mm schwarz	Reducing bush d25-20 mm black	Réduction d25-20 mm noir
UV243P3220	Reduktion d32-20 mm schwarz	Reducing bush d32-20 mm black	Réduction d32-20 mm noir
UV243P3225	Reduktion d32-25 mm schwarz	Reducing bush d32-25 mm black	Réduction d32-25 mm noir
UV243P4025	Reduktion d40-25 mm schwarz	Reducing bush d40-25 mm black	Réduction d40-25 mm noir
UV243P5025	Reduktion d50-25 mm schwarz	Reducing bush d50-25 mm black	Réduction d50-25 mm noir
UV243P6325	Reduktion d63-25 mm schwarz	Reducing bush d63-25 mm black	Réduction d63-25 mm noir
UV2706GP321	Übergangs-Gewinde-Muffe IG d32-1 Hexa 6-Kant schwarz	Adaptor socket "f" d32-1" black Hexa	Manchon adaptateur (filetage femelle Hexa) d32-1" noir
UV2706GP401	Übergangs-Gewinde-Muffe IG d40-1 Hexa 6-Kant schwarz	Adaptor socket "f" d40-1" black Hexa	Manchon adaptateur (filetage femelle Hexa) d40-1" noir
UV2706GP40114	Übergangs-Gewinde-Muffe IG d40-11/4 Hexa 6-Kant schwarz	Adaptor socket "f" d40-1 1/4" black Hexa	Manchon adaptateur (filetage femelle Hexa) d40-1 1/4" noir
UV2706MGP321	Übergangs-Gewinde-Muffe IG "I/A" d32-1 Hexa 6-Kant schwarz	Adaptor socket "f" d32-1" Hexa black	Manchon adaptateur (filetage femelle) d32-1" Hexa noir
UV270GP2012	Übergangs-Gewinde-Muffe IG d20-1/2" schwarz"	Adaptor socket "f" d20-1/2" black	Manchon adaptateur (filetage femelle) d20-1/2" noir
UV270GP2512	Übergangs-Gewinde-Muffe IG d25-1/2" schwarz"	Adaptor socket "f" d25-1/2" black	Manchon adaptateur (filetage femelle) d25-1/2" noir
UV270GP2534	Übergangs-Gewinde-Muffe IG d25-3/4" schwarz"	Adaptor socket "f" d25-3/4" black	Manchon adaptateur (filetage femelle) d25-3/4" noir
UV270GP321	Übergangs-Gewinde-Muffe IG d32-1 schwarz	Adaptor socket "f" d32-1" black	Manchon adaptateur (filetage femelle) d32-1" noir
UV270GP3234	Übergangs-Gewinde-Muffe IG d32-3/4" schwarz"	Adaptor socket "f" d32-3/4" black	Manchon adaptateur (filetage femelle) d32-3/4" noir
UV270GP40114	Übergangs-Gewinde-Muffe IG d40-1 1/4 schwarz	Adaptor socket "f" d40-1 1/4" black	Manchon adaptateur (filetage femelle) d40-1 1/4" noir
UV270GSP6312	Einschweißsattel IG d63x1/2" schwarz	Weld-in saddle "f" d63-1/2" black	Collier de soudage (filetage femelle) d63-1/2" noir
UV270GSP6334	Einschweißsattel IG d63x3/4" schwarz	Weld-in saddle "f" d63-3/4" black	Collier de soudage (filetage femelle) d63-3/4" noir
UV270P20	Muffe d20 mm schwarz	Socket d20 mm black	Manchon d20 mm noir
UV270P25	Muffe d25 mm schwarz	Socket d25 mm black	Manchon d25 mm noir
UV270P32	Muffe d32 mm schwarz	Socket d32 mm black	Manchon d32 mm noir
UV270P40	Muffe d40 mm schwarz	Socket d40 mm black	Manchon d40 mm noir
UV270P50	Muffe d50 mm schwarz	Socket d50 mm black	Manchon d50 mm noir
UV270P63	Muffe d63 mm schwarz	Socket d63 mm black	Manchon d63 mm noir
UV270SP5025	Einschweißsattel d50 -25 mm schwarz	Weld-in saddle d50-25 mm black	Collier de soudage d50-25 mm noir
UV270SP6325	Einschweißsattel d63 -25 mm schwarz	Weld-in saddle d63-25 mm black	Collier de soudage d63-25 mm noir
UV270SP6332	Einschweißsattel d63 -32 mm schwarz	Weld-in saddle d63-32 mm black	Collier de soudage d63-32 mm noir
UV301P20	Kappe d20 mm schwarz	Cap d20 mm black	Bouchon d20 mm noir
UV301P25	Kappe d25 mm schwarz	Cap d25 mm black	Bouchon d25 mm noir
UV301P32	Kappe d32 mm schwarz	Cap d32 mm black	Bouchon d32 mm noir
UV301P40	Kappe d40 mm schwarz	Cap d40 mm black	Bouchon d40 mm noir
UV301P50	Kappe d50 mm schwarz	Cap d50 mm black	Bouchon d50 mm noir
UV301P63	Kappe d63 mm schwarz	Cap d63 mm black	Bouchon d63 mm noir
UV472GP2012	Wandscheibe 90° IG d20-1/2 schwarz	Wall bracket 90° "f" d20-1/2" black	Coude/Support mural 90° (filetage femelle) d20-1/2" noir
UV472GP2512	Wandscheibe 90° IG d25-1/2 schwarz	Wall bracket 90° "f" d25-1/2" black	Coude/Support mural 90° (filetage femelle) d25-1/2" noir
UV472GP2534	Winkel/Wandscheibe 90° IG d25-3/4	Wall bracket 90° "f" d25-3/4" black	Coude/Support mural 90° (filetage femelle) d25-3/4" noir
UV532P25	Metallverschr. mit PP-R ELT IG d25mm unvern. schw.	Metal union with PP-R socket "f" d25 mm nickel-plated black	Raccord union métal avec emboîture PP-R (filetage femelle) d25 mm nickelé noir
UV532P32	Metallverschr. mit PP-R ELT IG d32mm unvern. schw.	Metal union with PP-R socket "f" d32 mm nickel-plated black	Raccord union métal avec emboîture PP-R (filetage femelle) d32 mm nickelé noir
UV537P25	Metallverschr. mit PP-R ELT AG d25mm unvern. schw.	Metal union with PP-R socket "m" d25 mm nickel-plated black	Raccord union métal avec emboîture PP-R (filetage mâle) d25 mm nickelé noir
UV537P32	Metallverschr. mit PP-R ELT AG d32mm unvern. schw.	Metal union with PP-R socket "m" d32 mm nickel-plated black	Raccord union métal avec emboîture PP-R (filetage mâle) d32 mm nickelé noir
UV537P63	Metallverschr. mit PP-R ELT AG d63 mm unvern. schw.		Raccord union métal avec emboîture PP-R (filetage mâle) d63 mm nickelé noir
